BEGIN|1|interval;data|fzgglitqyy;DL_IMAGE
BEGIN|2|interval;data|dzebwmnjsz;DL_MOBPRM
END|3|interval|dzebwmnjsz
BEGIN|4|interval;data|zaplbeljdd;DL_ARMPRM
END|5|interval|fzgglitqyy
BEGIN|6|interval;data|zgldggbgek;DL_FAIL
BEGIN|7|interval;data|zoxnihjanq;INS_ON
END|8|interval|zaplbeljdd
BEGIN|9|interval;data|huceseinfj;INS_FAIL
BEGIN|10|interval;data|fabraytbai;INS_RECOVER
END|11|interval|zgldggbgek
END|12|interval|zoxnihjanq
END|13|interval|huceseinfj
END|14|interval|fabraytbai
BEGIN|15|interval;data|nvfmmvmbnk;GET_CAMDATA
BEGIN|16|interval;data|poyhpdiwcb;DL_IMAGE
BEGIN|17|interval;data|mzcmxifhfe;STARVE
END|18|interval|nvfmmvmbnk
BEGIN|19|interval;data|kxxugjziae;BOOT
END|20|interval|kxxugjziae
BEGIN|21|interval;data|uqdfephgzf;DL_IMAGE
BEGIN|22|interval;data|vojsxbjsyw;GET_CAMDATA
BEGIN|23|interval;data|fodcggqmuj;DL_MOBPRM
END|24|interval|mzcmxifhfe
BEGIN|25|interval;data|rbvicealmo;DL_ARMPRM
END|26|interval|fodcggqmuj
BEGIN|27|interval;data|lcjnmabuvm;DL_FAIL
END|28|interval|uqdfephgzf
BEGIN|29|interval;data|fiyijhnieg;STARVE
END|30|interval|rbvicealmo
BEGIN|31|interval;data|vphpvpuqem;INS_ON
END|32|interval|vphpvpuqem
END|33|interval|fiyijhnieg
BEGIN|34|interval;data|jlpkyprzld;INS_FAIL
END|35|interval|lcjnmabuvm
END|36|interval|jlpkyprzld
BEGIN|37|interval;data|ctjvchsfwt;INS_RECOVER
END|38|interval|ctjvchsfwt
END|39|interval|vojsxbjsyw
BEGIN|40|interval;data|ljsmevuiov;GET_CAMDATA
END|41|interval|ljsmevuiov
BEGIN|42|interval;data|vjbuqasgwf;STARVE
BEGIN|43|interval;data|fsgihcfqen;BOOT
END|44|interval|fsgihcfqen
BEGIN|45|interval;data|vjpnmzencx;DL_IMAGE
END|46|interval|vjbuqasgwf
BEGIN|47|interval;data|qyrnnlonub;DL_MOBPRM
BEGIN|48|interval;data|pmlcixgxsm;BOOT
BEGIN|49|interval;data|akwznhcchi;DL_ARMPRM
END|50|interval|vjpnmzencx
END|51|interval|akwznhcchi
BEGIN|52|interval;data|immvhjpzaw;DL_FAIL
END|53|interval|immvhjpzaw
END|54|interval|qyrnnlonub
BEGIN|55|interval;data|omahisopfm;INS_ON
END|56|interval|omahisopfm
BEGIN|57|interval;data|rhkutfjibd;INS_FAIL
BEGIN|58|interval;data|hyrxpihzxy;INS_RECOVER
END|59|interval|hyrxpihzxy
END|60|interval|rhkutfjibd
BEGIN|61|interval;data|atxwfkaixc;GET_CAMDATA
BEGIN|62|interval;data|xmapuzeudt;DL_ARMPRM
END|63|interval|atxwfkaixc
BEGIN|64|interval;data|aruymjwkpk;STARVE
END|65|interval|aruymjwkpk
BEGIN|66|interval;data|bvrfsyoozr;BOOT
BEGIN|67|interval;data|fhegpqogji;DL_FAIL
END|68|interval|poyhpdiwcb
END|69|interval|bvrfsyoozr
BEGIN|70|interval;data|bfqfyoaipb;DL_IMAGE
BEGIN|71|interval;data|zjgqgjgnti;DL_MOBPRM
END|72|interval|fhegpqogji
BEGIN|73|interval;data|pgkmkdltjo;DL_ARMPRM
END|74|interval|pgkmkdltjo
BEGIN|75|interval;data|dosxcykxeb;DL_FAIL
END|76|interval|bfqfyoaipb
BEGIN|77|interval;data|jfamrpfbhr;INS_ON
END|78|interval|zjgqgjgnti
BEGIN|79|interval;data|nmttkiumou;INS_FAIL
END|80|interval|dosxcykxeb
END|81|interval|jfamrpfbhr
BEGIN|82|interval;data|bnofcktdis;DL_IMAGE
BEGIN|83|interval;data|rukgfjudmh;INS_RECOVER
END|84|interval|rukgfjudmh
BEGIN|85|interval;data|vcashmmxqv;GET_CAMDATA
END|86|interval|nmttkiumou
END|87|interval|vcashmmxqv
BEGIN|88|interval;data|zococuqlfn;STARVE
END|89|interval|zococuqlfn
BEGIN|90|interval;data|ntgraepnbs;BOOT
BEGIN|91|interval;data|okjwxngxob;DL_IMAGE
BEGIN|92|interval;data|tkoprpszua;DL_MOBPRM
END|93|interval|tkoprpszua
BEGIN|94|interval;data|qfhzunbgbh;DL_ARMPRM
END|95|interval|ntgraepnbs
END|96|interval|qfhzunbgbh
BEGIN|97|interval;data|rwjelbtnyn;DL_FAIL
END|98|interval|okjwxngxob
BEGIN|99|interval;data|ospvsshyot;INS_ON
END|100|interval|rwjelbtnyn
BEGIN|101|interval;data|sgwfmptfqd;INS_FAIL
BEGIN|102|interval;data|juyzllponk;INS_RECOVER
END|103|interval|sgwfmptfqd
BEGIN|104|interval;data|ykxtaoanwv;GET_CAMDATA
END|105|interval|ospvsshyot
BEGIN|106|interval;data|nudhnvdtuj;STARVE
END|107|interval|ykxtaoanwv
BEGIN|108|interval;data|zhwcxwtjnw;BOOT
END|109|interval|juyzllponk
END|110|interval|zhwcxwtjnw
BEGIN|111|interval;data|lzmpnututr;DL_IMAGE
END|112|interval|lzmpnututr
END|113|interval|nudhnvdtuj
BEGIN|114|interval;data|lferjhxept;DL_MOBPRM
END|115|interval|lferjhxept
BEGIN|116|interval;data|qxlvblhcsc;DL_ARMPRM
END|117|interval|qxlvblhcsc
BEGIN|118|interval;data|ytrolpkgvv;DL_FAIL
END|119|interval|ytrolpkgvv
BEGIN|120|interval;data|afwsirnjmj;INS_ON
END|121|interval|afwsirnjmj
BEGIN|122|interval;data|rkklpntyxm;INS_FAIL
BEGIN|123|interval;data|rspkeqztpm;INS_RECOVER
BEGIN|124|interval;data|ajajxvwmmp;GET_CAMDATA
END|125|interval|ajajxvwmmp
BEGIN|126|interval;data|xxuuyievni;STARVE
END|127|interval|rkklpntyxm
END|128|interval|rspkeqztpm
BEGIN|129|interval;data|glqpbbyiya;BOOT
END|130|interval|xxuuyievni
BEGIN|131|interval;data|pmdukicapo;DL_IMAGE
END|132|interval|pmdukicapo
BEGIN|133|interval;data|elzqoyyjfo;DL_MOBPRM
END|134|interval|elzqoyyjfo
BEGIN|135|interval;data|hfpzqgykrz;DL_ARMPRM
END|136|interval|bnofcktdis
END|137|interval|pmlcixgxsm
BEGIN|138|interval;data|mfjjbtqumw;DL_IMAGE
END|139|interval|glqpbbyiya
BEGIN|140|interval;data|kcoecpyonn;DL_FAIL
BEGIN|141|interval;data|bhwoharsvf;BOOT
END|142|interval|hfpzqgykrz
BEGIN|143|interval;data|lprbvuophe;INS_ON
END|144|interval|lprbvuophe
BEGIN|145|interval;data|rdihrkjebq;INS_FAIL
END|146|interval|rdihrkjebq
BEGIN|147|interval;data|lgtnlifcik;INS_RECOVER
END|148|interval|bhwoharsvf
END|149|interval|kcoecpyonn
END|150|interval|xmapuzeudt
BEGIN|151|interval;data|lupuwkaldi;GET_CAMDATA
END|152|interval|mfjjbtqumw
BEGIN|153|interval;data|vimvxhlgdx;STARVE
BEGIN|154|interval;data|enrzjuszvp;INS_ON
END|155|interval|enrzjuszvp
BEGIN|156|interval;data|wjqgdjrmfz;GET_CAMDATA
BEGIN|157|interval;data|hcnqjwsyow;STARVE
END|158|interval|lgtnlifcik
END|159|interval|lupuwkaldi
END|160|interval|wjqgdjrmfz
BEGIN|161|interval;data|lcnayvdvft;BOOT
BEGIN|162|interval;data|rvgknbzcsj;INS_FAIL
END|163|interval|rvgknbzcsj
BEGIN|164|interval;data|ojjtchxnzs;INS_ON
END|165|interval|ojjtchxnzs
END|166|interval|hcnqjwsyow
END|167|interval|lcnayvdvft
BEGIN|168|interval;data|rgbqzigenv;DL_IMAGE
BEGIN|169|interval;data|xtiwyrlazy;INS_RECOVER
BEGIN|170|interval;data|ddyapadyln;INS_ON
BEGIN|171|interval;data|qyrlqifymd;INS_FAIL
END|172|interval|rgbqzigenv
END|173|interval|qyrlqifymd
BEGIN|174|interval;data|lsnrehzcnu;INS_ON
END|175|interval|ddyapadyln
END|176|interval|lsnrehzcnu
END|177|interval|xtiwyrlazy
END|178|interval|vimvxhlgdx
BEGIN|179|interval;data|bixdkjzygu;INS_RECOVER
END|180|interval|bixdkjzygu
BEGIN|181|interval;data|oyqorbomgt;DL_MOBPRM
BEGIN|182|interval;data|brwofttksc;DL_ARMPRM
END|183|interval|brwofttksc
END|184|interval|oyqorbomgt
BEGIN|185|interval;data|vfdkqnmxkq;DL_FAIL
BEGIN|186|interval;data|okbbldzxid;DL_ARMPRM
END|187|interval|vfdkqnmxkq
END|188|interval|okbbldzxid
BEGIN|189|interval;data|dbyhppeejr;INS_ON
BEGIN|190|interval;data|zbfbbwpjjg;INS_FAIL
BEGIN|191|interval;data|lppjzkjstq;INS_RECOVER
END|192|interval|dbyhppeejr
BEGIN|193|interval;data|vjancwmivb;DL_FAIL
END|194|interval|vjancwmivb
END|195|interval|zbfbbwpjjg
BEGIN|196|interval;data|isttabzyro;BOOT
BEGIN|197|interval;data|mguknjylmw;GET_CAMDATA
END|198|interval|isttabzyro
BEGIN|199|interval;data|gfjlwhuynp;BOOT
BEGIN|200|interval;data|yjvflbkknl;STARVE
END|201|interval|gfjlwhuynp
BEGIN|202|interval;data|kattcytkwh;DL_IMAGE
END|203|interval|yjvflbkknl
END|204|interval|kattcytkwh
END|205|interval|lppjzkjstq
END|206|interval|mguknjylmw
BEGIN|207|interval;data|pczvxyyqtd;BOOT
BEGIN|208|interval;data|lgcozfooda;DL_IMAGE
BEGIN|209|interval;data|xgifnymwud;DL_MOBPRM
END|210|interval|xgifnymwud
END|211|interval|pczvxyyqtd
BEGIN|212|interval;data|drnqgrpamb;DL_ARMPRM
BEGIN|213|interval;data|yepjjnqhlj;DL_FAIL
END|214|interval|lgcozfooda
BEGIN|215|interval;data|zuhouwbqnl;INS_ON
BEGIN|216|interval;data|cpsyajjqzn;INS_FAIL
END|217|interval|drnqgrpamb
BEGIN|218|interval;data|hebrvtircj;INS_RECOVER
END|219|interval|yepjjnqhlj
END|220|interval|cpsyajjqzn
BEGIN|221|interval;data|kiqmmbdjdh;GET_CAMDATA
END|222|interval|kiqmmbdjdh
END|223|interval|zuhouwbqnl
END|224|interval|hebrvtircj
BEGIN|225|interval;data|lsjvxrvxyy;STARVE
BEGIN|226|interval;data|zzdtleesya;BOOT
END|227|interval|lsjvxrvxyy
END|228|interval|zzdtleesya
BEGIN|229|interval;data|rabluohvaa;DL_IMAGE
BEGIN|230|interval;data|qcpecnwjhj;DL_MOBPRM
BEGIN|231|interval;data|exgwtrhrsa;DL_ARMPRM
END|232|interval|qcpecnwjhj
END|233|interval|exgwtrhrsa
BEGIN|234|interval;data|mqriiihcij;DL_FAIL
END|235|interval|rabluohvaa
END|236|interval|mqriiihcij
BEGIN|237|interval;data|zaskbkwmne;INS_ON
BEGIN|238|interval;data|dnlsdevdvg;INS_FAIL
BEGIN|239|interval;data|txgxxtcotx;INS_RECOVER
END|240|interval|txgxxtcotx
END|241|interval|zaskbkwmne
BEGIN|242|interval;data|gbifginmhd;GET_CAMDATA
END|243|interval|gbifginmhd
BEGIN|244|interval;data|auxlsmfaxn;STARVE
END|245|interval|auxlsmfaxn
END|246|interval|dnlsdevdvg
BEGIN|247|interval;data|bsbomglher;BOOT
BEGIN|248|interval;data|ftywcxwzpc;DL_IMAGE
END|249|interval|bsbomglher
BEGIN|250|interval;data|hiaekkxvix;DL_MOBPRM
END|251|interval|hiaekkxvix
BEGIN|252|interval;data|goaryhubyh;DL_ARMPRM
END|253|interval|ftywcxwzpc
END|254|interval|goaryhubyh
BEGIN|255|interval;data|svcjmcrevl;DL_FAIL
END|256|interval|svcjmcrevl
BEGIN|257|interval;data|eyibypylfk;INS_ON
BEGIN|258|interval;data|lnpjzypfcn;INS_FAIL
END|259|interval|lnpjzypfcn
END|260|interval|eyibypylfk
BEGIN|261|interval;data|dyrqbdogeo;INS_RECOVER
BEGIN|262|interval;data|wmyiqwviqc;GET_CAMDATA
BEGIN|263|interval;data|kqaabzwlxg;STARVE
END|264|interval|kqaabzwlxg
BEGIN|265|interval;data|dqmhluomfq;BOOT
END|266|interval|dyrqbdogeo
BEGIN|267|interval;data|edxwrtinnb;DL_IMAGE
BEGIN|268|interval;data|ispsnaybtj;DL_ARMPRM
END|269|interval|wmyiqwviqc
BEGIN|270|interval;data|kritmkproh;DL_MOBPRM
END|271|interval|dqmhluomfq
END|272|interval|kritmkproh
BEGIN|273|interval;data|jpjjyrhvar;DL_ARMPRM
END|274|interval|edxwrtinnb
END|275|interval|jpjjyrhvar
BEGIN|276|interval;data|wmcnekafkl;DL_FAIL
BEGIN|277|interval;data|mefnfenstb;INS_ON
END|278|interval|wmcnekafkl
BEGIN|279|interval;data|kjmjyzisap;INS_FAIL
BEGIN|280|interval;data|cqbozucdev;INS_RECOVER
END|281|interval|mefnfenstb
BEGIN|282|interval;data|zqowcitbdh;INS_ON
BEGIN|283|interval;data|ryuyapjzxx;DL_FAIL
END|284|interval|kjmjyzisap
END|285|interval|cqbozucdev
BEGIN|286|interval;data|jswpnccfdc;GET_CAMDATA
END|287|interval|jswpnccfdc
BEGIN|288|interval;data|tajgoumwmv;STARVE
END|289|interval|tajgoumwmv
BEGIN|290|interval;data|ggkgqlfzmd;BOOT
END|291|interval|ggkgqlfzmd
BEGIN|292|interval;data|wlcwmptpyx;DL_IMAGE
END|293|interval|wlcwmptpyx
BEGIN|294|interval;data|byuofmlugz;DL_IMAGE
BEGIN|295|interval;data|gpgivsnvif;DL_MOBPRM
BEGIN|296|interval;data|knlwmiaczd;DL_ARMPRM
END|297|interval|knlwmiaczd
BEGIN|298|interval;data|umzxgbtzog;DL_FAIL
END|299|interval|umzxgbtzog
END|300|interval|ryuyapjzxx
BEGIN|301|interval;data|msjugwhrcu;INS_ON
END|302|interval|msjugwhrcu
END|303|interval|gpgivsnvif
BEGIN|304|interval;data|ycinijedtl;INS_FAIL
END|305|interval|ycinijedtl
BEGIN|306|interval;data|chacqrnkuu;INS_RECOVER
END|307|interval|chacqrnkuu
BEGIN|308|interval;data|drlpyuhmzy;GET_CAMDATA
BEGIN|309|interval;data|jwupufkbdu;STARVE
BEGIN|310|interval;data|usnltevyvk;GET_CAMDATA
BEGIN|311|interval;data|hzserqhlih;BOOT
BEGIN|312|interval;data|rllenjmxxi;STARVE
END|313|interval|rllenjmxxi
BEGIN|314|interval;data|etrsadyvuh;DL_IMAGE
END|315|interval|drlpyuhmzy
END|316|interval|jwupufkbdu
END|317|interval|usnltevyvk
END|318|interval|zqowcitbdh
END|319|interval|hzserqhlih
BEGIN|320|interval;data|vbnrkpxwtj;INS_FAIL
END|321|interval|etrsadyvuh
BEGIN|322|interval;data|cgjwghewnv;DL_MOBPRM
BEGIN|323|interval;data|krbaavztle;DL_IMAGE
END|324|interval|byuofmlugz
END|325|interval|vbnrkpxwtj
END|326|interval|cgjwghewnv
BEGIN|327|interval;data|wmeeadekmt;DL_ARMPRM
END|328|interval|krbaavztle
BEGIN|329|interval;data|guskenqmpj;GET_CAMDATA
BEGIN|330|interval;data|ndlgvnouxm;STARVE
END|331|interval|wmeeadekmt
END|332|interval|ndlgvnouxm
END|333|interval|guskenqmpj
BEGIN|334|interval;data|gkppivhita;DL_FAIL
BEGIN|335|interval;data|njjohaqakc;INS_ON
END|336|interval|gkppivhita
BEGIN|337|interval;data|rwppjmteum;INS_ON
END|338|interval|rwppjmteum
BEGIN|339|interval;data|tboogxtdjj;INS_FAIL
BEGIN|340|interval;data|hezddlzdfn;BOOT
END|341|interval|njjohaqakc
BEGIN|342|interval;data|dyeckeqfug;INS_RECOVER
END|343|interval|dyeckeqfug
BEGIN|344|interval;data|dvltdirvnz;DL_IMAGE
BEGIN|345|interval;data|myrlmqglho;GET_CAMDATA
END|346|interval|myrlmqglho
BEGIN|347|interval;data|rgstzaojxm;STARVE
END|348|interval|rgstzaojxm
BEGIN|349|interval;data|stgevsnyxg;INS_ON
BEGIN|350|interval;data|euhjkzolyp;INS_FAIL
BEGIN|351|interval;data|pptynarcny;INS_RECOVER
END|352|interval|euhjkzolyp
BEGIN|353|interval;data|ovbatrgunv;INS_ON
END|354|interval|ovbatrgunv
END|355|interval|stgevsnyxg
END|356|interval|pptynarcny
BEGIN|357|interval;data|vzismpyaaf;INS_RECOVER
END|358|interval|vzismpyaaf
END|359|interval|tboogxtdjj
BEGIN|360|interval;data|gegrcawemz;BOOT
BEGIN|361|interval;data|shcqwjxlbx;DL_IMAGE
END|362|interval|shcqwjxlbx
BEGIN|363|interval;data|snfdcvchsb;DL_MOBPRM
BEGIN|364|interval;data|jufjhpoaqj;DL_ARMPRM
END|365|interval|gegrcawemz
END|366|interval|snfdcvchsb
BEGIN|367|interval;data|ubymfcjpuo;DL_FAIL
END|368|interval|ubymfcjpuo
BEGIN|369|interval;data|qpqjcavmdv;INS_ON
END|370|interval|qpqjcavmdv
BEGIN|371|interval;data|cfzaboulkp;INS_FAIL
END|372|interval|cfzaboulkp
BEGIN|373|interval;data|prgezkqwnk;INS_ON
END|374|interval|jufjhpoaqj
BEGIN|375|interval;data|yikprtmofd;INS_RECOVER
BEGIN|376|interval;data|mesxoohkwz;GET_CAMDATA
BEGIN|377|interval;data|pbukwqwxlt;STARVE
END|378|interval|pbukwqwxlt
BEGIN|379|interval;data|aaaarrmyda;BOOT
END|380|interval|yikprtmofd
END|381|interval|aaaarrmyda
BEGIN|382|interval;data|hafpsymzuz;DL_IMAGE
END|383|interval|mesxoohkwz
BEGIN|384|interval;data|edwdbuyffp;DL_ARMPRM
END|385|interval|ispsnaybtj
BEGIN|386|interval;data|qlwfepkjtr;DL_MOBPRM
END|387|interval|edwdbuyffp
BEGIN|388|interval;data|tqyahpznru;DL_FAIL
END|389|interval|tqyahpznru
END|390|interval|hafpsymzuz
BEGIN|391|interval;data|ckcycesyqb;DL_ARMPRM
END|392|interval|ckcycesyqb
BEGIN|393|interval;data|neqtjmcize;DL_FAIL
END|394|interval|qlwfepkjtr
END|395|interval|neqtjmcize
END|396|interval|dvltdirvnz
END|397|interval|hezddlzdfn
BEGIN|398|interval;data|kmrhvozwjq;BOOT
END|399|interval|kmrhvozwjq
BEGIN|400|interval;data|mhediulezq;BOOT
END|401|interval|mhediulezq
BEGIN|402|interval;data|oixlilsabu;BOOT
BEGIN|403|interval;data|kkjskmmviz;INS_ON
END|404|interval|oixlilsabu
BEGIN|405|interval;data|zeeuyypble;DL_IMAGE
END|406|interval|kkjskmmviz
END|407|interval|zeeuyypble
BEGIN|408|interval;data|ocgcwlduqh;INS_FAIL
BEGIN|409|interval;data|naxhqxnezf;INS_RECOVER
END|410|interval|ocgcwlduqh
END|411|interval|naxhqxnezf
BEGIN|412|interval;data|acdojbdvqz;GET_CAMDATA
END|413|interval|acdojbdvqz
BEGIN|414|interval;data|sxmtyytzkj;STARVE
BEGIN|415|interval;data|scqamrrfoj;BOOT
END|416|interval|sxmtyytzkj
END|417|interval|scqamrrfoj
BEGIN|418|interval;data|rhklvxomkx;DL_IMAGE
BEGIN|419|interval;data|upvelpbqlg;DL_MOBPRM
END|420|interval|upvelpbqlg
END|421|interval|rhklvxomkx
BEGIN|422|interval;data|atdfstpxil;DL_ARMPRM
BEGIN|423|interval;data|ekgepovcmd;DL_FAIL
END|424|interval|ekgepovcmd
BEGIN|425|interval;data|brpskomgjm;INS_ON
END|426|interval|brpskomgjm
END|427|interval|atdfstpxil
END|428|interval|prgezkqwnk
BEGIN|429|interval;data|bnqargcmam;INS_FAIL
BEGIN|430|interval;data|hutrpwdzqv;INS_RECOVER
BEGIN|431|interval;data|htubymhbvq;GET_CAMDATA
END|432|interval|hutrpwdzqv
END|433|interval|htubymhbvq
BEGIN|434|interval;data|wixdrskfoo;STARVE
END|435|interval|bnqargcmam
BEGIN|436|interval;data|sixfpclbee;BOOT
END|437|interval|sixfpclbee
BEGIN|438|interval;data|zsjhhvrtgt;DL_IMAGE
BEGIN|439|interval;data|vyqjiwycaa;DL_MOBPRM
END|440|interval|wixdrskfoo
BEGIN|441|interval;data|ciroyxpjno;DL_ARMPRM
END|442|interval|vyqjiwycaa
BEGIN|443|interval;data|tmxnslhofz;DL_FAIL
END|444|interval|zsjhhvrtgt
END|445|interval|tmxnslhofz
BEGIN|446|interval;data|nfqxltiibf;INS_ON
END|447|interval|ciroyxpjno
BEGIN|448|interval;data|fkelkzncin;INS_FAIL
BEGIN|449|interval;data|qeofzjtevt;DL_IMAGE
BEGIN|450|interval;data|ehdbidjerk;DL_ARMPRM
BEGIN|451|interval;data|udnoqfdphu;INS_RECOVER
END|452|interval|udnoqfdphu
END|453|interval|nfqxltiibf
END|454|interval|fkelkzncin
BEGIN|455|interval;data|jqvkgospty;GET_CAMDATA
BEGIN|456|interval;data|uddmewcaim;STARVE
BEGIN|457|interval;data|zxsphjfddb;BOOT
END|458|interval|uddmewcaim
END|459|interval|zxsphjfddb
BEGIN|460|interval;data|mqjxendgbt;DL_FAIL
BEGIN|461|interval;data|lzbzfkqlwt;DL_IMAGE
END|462|interval|jqvkgospty
BEGIN|463|interval;data|owlcwdefio;DL_MOBPRM
END|464|interval|owlcwdefio
BEGIN|465|interval;data|irblyzovxa;DL_ARMPRM
BEGIN|466|interval;data|fdrsreatxs;DL_FAIL
END|467|interval|fdrsreatxs
END|468|interval|lzbzfkqlwt
BEGIN|469|interval;data|dyaavbveyj;INS_ON
BEGIN|470|interval;data|wxinjtxqby;INS_FAIL
END|471|interval|irblyzovxa
END|472|interval|dyaavbveyj
BEGIN|473|interval;data|spzfhdcllo;INS_RECOVER
END|474|interval|wxinjtxqby
END|475|interval|mqjxendgbt
END|476|interval|spzfhdcllo
BEGIN|477|interval;data|naaqbfmndo;GET_CAMDATA
BEGIN|478|interval;data|atefgqriuf;STARVE
END|479|interval|atefgqriuf
BEGIN|480|interval;data|gckdtoinkb;GET_CAMDATA
END|481|interval|gckdtoinkb
END|482|interval|naaqbfmndo
BEGIN|483|interval;data|aytdjhhvqy;STARVE
BEGIN|484|interval;data|mateudcxzq;BOOT
BEGIN|485|interval;data|msyviwmtzc;DL_IMAGE
END|486|interval|qeofzjtevt
END|487|interval|mateudcxzq
BEGIN|488|interval;data|zabbdldkwm;DL_IMAGE
BEGIN|489|interval;data|mctasktyzd;DL_MOBPRM
END|490|interval|msyviwmtzc
END|491|interval|aytdjhhvqy
BEGIN|492|interval;data|ocxawiixzz;DL_ARMPRM
END|493|interval|zabbdldkwm
BEGIN|494|interval;data|qtjyikvwvy;GET_CAMDATA
BEGIN|495|interval;data|cgfuknpjii;STARVE
BEGIN|496|interval;data|nrfshfjxja;DL_FAIL
END|497|interval|qtjyikvwvy
END|498|interval|cgfuknpjii
END|499|interval|ocxawiixzz
BEGIN|500|interval;data|egivriuqkm;INS_ON
END|501|interval|mctasktyzd
BEGIN|502|interval;data|vyjtyximhv;INS_FAIL
END|503|interval|vyjtyximhv
END|504|interval|nrfshfjxja
END|505|interval|egivriuqkm
BEGIN|506|interval;data|hnontyettc;INS_RECOVER
END|507|interval|hnontyettc
BEGIN|508|interval;data|veeovygidl;GET_CAMDATA
BEGIN|509|interval;data|glvjegguob;STARVE
END|510|interval|veeovygidl
BEGIN|511|interval;data|hiurygqlbt;BOOT
BEGIN|512|interval;data|jbedazkgez;DL_IMAGE
END|513|interval|ehdbidjerk
END|514|interval|jbedazkgez
BEGIN|515|interval;data|sqpznniabg;INS_FAIL
BEGIN|516|interval;data|guyxrxpicw;DL_MOBPRM
END|517|interval|glvjegguob
END|518|interval|hiurygqlbt
END|519|interval|guyxrxpicw
BEGIN|520|interval;data|oawkrtrwrg;DL_ARMPRM
BEGIN|521|interval;data|yonxjzvjhz;DL_FAIL
END|522|interval|sqpznniabg
BEGIN|523|interval;data|jclfdggtje;INS_ON
END|524|interval|jclfdggtje
END|525|interval|yonxjzvjhz
BEGIN|526|interval;data|ngefguanho;INS_ON
BEGIN|527|interval;data|omioykoemd;INS_ON
BEGIN|528|interval;data|eandpfqgnk;INS_FAIL
BEGIN|529|interval;data|sxpzlzqvvn;INS_RECOVER
END|530|interval|eandpfqgnk
BEGIN|531|interval;data|lejbkwwtir;INS_ON
END|532|interval|lejbkwwtir
END|533|interval|omioykoemd
END|534|interval|sxpzlzqvvn
BEGIN|535|interval;data|wurmuvnlts;INS_RECOVER
END|536|interval|wurmuvnlts
END|537|interval|ngefguanho
BEGIN|538|interval;data|hsvpbqwdhd;INS_FAIL
END|539|interval|oawkrtrwrg
BEGIN|540|interval;data|rjrmyrhdyi;INS_RECOVER
END|541|interval|rjrmyrhdyi
BEGIN|542|interval;data|dknktlmvok;GET_CAMDATA
BEGIN|543|interval;data|nxpgnbtkwm;STARVE
END|544|interval|hsvpbqwdhd
END|545|interval|dknktlmvok
BEGIN|546|interval;data|yxdoyvkefe;BOOT
BEGIN|547|interval;data|lcwndzskgy;DL_IMAGE
END|548|interval|nxpgnbtkwm
BEGIN|549|interval;data|mbldhedcxu;DL_MOBPRM
END|550|interval|mbldhedcxu
BEGIN|551|interval;data|flyqjcjgis;DL_ARMPRM
END|552|interval|yxdoyvkefe
END|553|interval|lcwndzskgy
BEGIN|554|interval;data|fgdtuyrvej;DL_FAIL
BEGIN|555|interval;data|kjanjcbxdu;BOOT
END|556|interval|fgdtuyrvej
BEGIN|557|interval;data|sefvlyrtfb;INS_ON
BEGIN|558|interval;data|yleotcboco;DL_IMAGE
END|559|interval|sefvlyrtfb
END|560|interval|flyqjcjgis
BEGIN|561|interval;data|mhmisqzxhr;GET_CAMDATA
BEGIN|562|interval;data|taljdzzuak;INS_FAIL
BEGIN|563|interval;data|cvmpvwltiu;DL_ARMPRM
BEGIN|564|interval;data|tsjdqeogks;INS_RECOVER
END|565|interval|tsjdqeogks
BEGIN|566|interval;data|zxoufzjjgg;STARVE
BEGIN|567|interval;data|brhntnttbg;GET_CAMDATA
END|568|interval|cvmpvwltiu
END|569|interval|brhntnttbg
END|570|interval|zxoufzjjgg
BEGIN|571|interval;data|btqdgeddhg;DL_FAIL
END|572|interval|taljdzzuak
BEGIN|573|interval;data|rqsactjblc;STARVE
END|574|interval|mhmisqzxhr
END|575|interval|rqsactjblc
BEGIN|576|interval;data|owbgzoaecq;BOOT
BEGIN|577|interval;data|yhxnccifzq;DL_IMAGE
END|578|interval|yhxnccifzq
BEGIN|579|interval;data|nbhcitpbkf;DL_MOBPRM
BEGIN|580|interval;data|lssbrwolzm;DL_ARMPRM
END|581|interval|owbgzoaecq
END|582|interval|btqdgeddhg
END|583|interval|nbhcitpbkf
BEGIN|584|interval;data|vvhpwavkan;DL_IMAGE
BEGIN|585|interval;data|ztskjvirgn;DL_FAIL
BEGIN|586|interval;data|crsxmutmbc;INS_ON
END|587|interval|yleotcboco
END|588|interval|lssbrwolzm
BEGIN|589|interval;data|zmpeeaoqjo;INS_FAIL
END|590|interval|zmpeeaoqjo
BEGIN|591|interval;data|yfnanuyipy;INS_ON
END|592|interval|ztskjvirgn
END|593|interval|crsxmutmbc
BEGIN|594|interval;data|mxgdvjaugj;INS_RECOVER
END|595|interval|mxgdvjaugj
BEGIN|596|interval;data|srvsgjmojb;GET_CAMDATA
BEGIN|597|interval;data|udnvkremch;STARVE
BEGIN|598|interval;data|xwlwsonzmo;DL_IMAGE
END|599|interval|kjanjcbxdu
END|600|interval|vvhpwavkan
BEGIN|601|interval;data|dsszieznwe;BOOT
BEGIN|602|interval;data|rmjvgwhmor;BOOT
BEGIN|603|interval;data|bdgjxppmxb;DL_IMAGE
END|604|interval|srvsgjmojb
END|605|interval|bdgjxppmxb
BEGIN|606|interval;data|bnurukqahj;DL_MOBPRM
END|607|interval|udnvkremch
END|608|interval|rmjvgwhmor
BEGIN|609|interval;data|cxegasgqym;BOOT
END|610|interval|cxegasgqym
BEGIN|611|interval;data|vhykwpccvn;BOOT
BEGIN|612|interval;data|qdyshyttxq;DL_ARMPRM
END|613|interval|vhykwpccvn
BEGIN|614|interval;data|nlwrzycqux;DL_IMAGE
END|615|interval|qdyshyttxq
END|616|interval|nlwrzycqux
END|617|interval|dsszieznwe
BEGIN|618|interval;data|cmdkydkupg;DL_FAIL
END|619|interval|bnurukqahj
BEGIN|620|interval;data|rwliioattd;INS_ON
END|621|interval|cmdkydkupg
BEGIN|622|interval;data|jbgfrpcowf;INS_FAIL
BEGIN|623|interval;data|wzwrwwxsta;INS_RECOVER
END|624|interval|wzwrwwxsta
END|625|interval|rwliioattd
BEGIN|626|interval;data|cbemnhlvya;GET_CAMDATA
BEGIN|627|interval;data|rxmygrahif;STARVE
END|628|interval|rxmygrahif
END|629|interval|jbgfrpcowf
BEGIN|630|interval;data|doyonyrnvf;BOOT
END|631|interval|doyonyrnvf
BEGIN|632|interval;data|jxnbraxook;DL_IMAGE
END|633|interval|cbemnhlvya
END|634|interval|xwlwsonzmo
BEGIN|635|interval;data|vdgmypwhbk;DL_MOBPRM
BEGIN|636|interval;data|jqpdobkycj;BOOT
END|637|interval|vdgmypwhbk
END|638|interval|jxnbraxook
BEGIN|639|interval;data|dqoybmwuii;DL_ARMPRM
BEGIN|640|interval;data|jqayyzsuyc;DL_FAIL
END|641|interval|dqoybmwuii
BEGIN|642|interval;data|ptiwzazyus;GET_CAMDATA
BEGIN|643|interval;data|orehutwfxy;INS_ON
BEGIN|644|interval;data|motajqjxgu;INS_FAIL
END|645|interval|jqayyzsuyc
BEGIN|646|interval;data|wydypdjkna;INS_RECOVER
END|647|interval|orehutwfxy
BEGIN|648|interval;data|ehvjqcwfus;GET_CAMDATA
END|649|interval|motajqjxgu
BEGIN|650|interval;data|jvsuuzygwv;STARVE
BEGIN|651|interval;data|sbjmwsbhxq;BOOT
END|652|interval|wydypdjkna
END|653|interval|sbjmwsbhxq
BEGIN|654|interval;data|keebrpeahx;STARVE
BEGIN|655|interval;data|ccqajpwyqj;DL_IMAGE
END|656|interval|ehvjqcwfus
END|657|interval|keebrpeahx
END|658|interval|ptiwzazyus
END|659|interval|jvsuuzygwv
BEGIN|660|interval;data|quwwrvchrz;DL_MOBPRM
END|661|interval|quwwrvchrz
BEGIN|662|interval;data|pbflnribdz;DL_ARMPRM
END|663|interval|pbflnribdz
BEGIN|664|interval;data|hupttxwnva;DL_FAIL
END|665|interval|yfnanuyipy
END|666|interval|ccqajpwyqj
BEGIN|667|interval;data|ufyoueaxcn;INS_ON
END|668|interval|hupttxwnva
END|669|interval|ufyoueaxcn
BEGIN|670|interval;data|fmbzphcnob;INS_FAIL
BEGIN|671|interval;data|ckskfigcje;INS_RECOVER
BEGIN|672|interval;data|ncmpjgbugr;DL_IMAGE
BEGIN|673|interval;data|utpisphchr;GET_CAMDATA
BEGIN|674|interval;data|qqwdzwhnna;DL_IMAGE
END|675|interval|fmbzphcnob
END|676|interval|ckskfigcje
BEGIN|677|interval;data|lhtskflfvz;STARVE
BEGIN|678|interval;data|kzudeoptds;BOOT
END|679|interval|lhtskflfvz
BEGIN|680|interval;data|xofnpcfvcq;INS_FAIL
END|681|interval|xofnpcfvcq
END|682|interval|kzudeoptds
BEGIN|683|interval;data|bascesurvl;DL_IMAGE
END|684|interval|utpisphchr
BEGIN|685|interval;data|nftsrihyjh;DL_MOBPRM
END|686|interval|nftsrihyjh
BEGIN|687|interval;data|foqufppwxx;INS_ON
BEGIN|688|interval;data|efvvmcojpd;DL_ARMPRM
BEGIN|689|interval;data|brebhocufz;DL_FAIL
END|690|interval|bascesurvl
BEGIN|691|interval;data|xlbylsvifu;INS_ON
END|692|interval|efvvmcojpd
BEGIN|693|interval;data|ijuupcqvmx;INS_FAIL
END|694|interval|foqufppwxx
END|695|interval|ijuupcqvmx
BEGIN|696|interval;data|jjsqyfgocj;INS_RECOVER
END|697|interval|brebhocufz
END|698|interval|jjsqyfgocj
BEGIN|699|interval;data|pxinjkdtob;GET_CAMDATA
END|700|interval|xlbylsvifu
BEGIN|701|interval;data|xmcazbjqwc;STARVE
END|702|interval|xmcazbjqwc
END|703|interval|pxinjkdtob
BEGIN|704|interval;data|igeuxgxsvd;BOOT
BEGIN|705|interval;data|numqetqevm;INS_RECOVER
BEGIN|706|interval;data|jopphsafdw;INS_ON
BEGIN|707|interval;data|woucjzfqcv;INS_FAIL
END|708|interval|igeuxgxsvd
END|709|interval|woucjzfqcv
BEGIN|710|interval;data|fnhxgkrnjh;INS_ON
END|711|interval|fnhxgkrnjh
END|712|interval|jopphsafdw
END|713|interval|numqetqevm
BEGIN|714|interval;data|wfdhbhiwnl;GET_CAMDATA
BEGIN|715|interval;data|rgwhhlkjyn;INS_RECOVER
END|716|interval|rgwhhlkjyn
BEGIN|717|interval;data|ojzxqbstbq;DL_IMAGE
BEGIN|718|interval;data|gyqzwjctzu;DL_MOBPRM
END|719|interval|gyqzwjctzu
BEGIN|720|interval;data|oxwqjjldwa;DL_ARMPRM
END|721|interval|jqpdobkycj
END|722|interval|ojzxqbstbq
BEGIN|723|interval;data|thhoiglvdd;DL_FAIL
BEGIN|724|interval;data|vzyfrqlgyj;STARVE
END|725|interval|oxwqjjldwa
END|726|interval|thhoiglvdd
BEGIN|727|interval;data|ngrwndjeme;INS_ON
BEGIN|728|interval;data|djirisvhdv;INS_FAIL
BEGIN|729|interval;data|jjqvlnvrcz;INS_RECOVER
END|730|interval|ngrwndjeme
END|731|interval|djirisvhdv
END|732|interval|jjqvlnvrcz
BEGIN|733|interval;data|umpvgafmyf;GET_CAMDATA
BEGIN|734|interval;data|oqdguiokyj;STARVE
BEGIN|735|interval;data|lujtqhhxtz;DL_ARMPRM
BEGIN|736|interval;data|ajucwgwzsd;BOOT
END|737|interval|ajucwgwzsd
BEGIN|738|interval;data|fliyfdcvll;DL_IMAGE
END|739|interval|fliyfdcvll
END|740|interval|umpvgafmyf
BEGIN|741|interval;data|rdovruzfpx;DL_MOBPRM
END|742|interval|oqdguiokyj
BEGIN|743|interval;data|ffxophujrp;DL_ARMPRM
END|744|interval|ffxophujrp
BEGIN|745|interval;data|tslveqntsk;DL_FAIL
END|746|interval|rdovruzfpx
BEGIN|747|interval;data|dacvrgzvig;INS_ON
END|748|interval|tslveqntsk
BEGIN|749|interval;data|iyedfqjmly;INS_FAIL
BEGIN|750|interval;data|zifupczpmg;INS_RECOVER
END|751|interval|iyedfqjmly
BEGIN|752|interval;data|zqpgrjqmqe;DL_FAIL
BEGIN|753|interval;data|qvjbeidqbm;GET_CAMDATA
END|754|interval|qvjbeidqbm
END|755|interval|dacvrgzvig
BEGIN|756|interval;data|ggfsarhhdr;STARVE
END|757|interval|zifupczpmg
BEGIN|758|interval;data|rnpcjrpqmv;BOOT
END|759|interval|zqpgrjqmqe
BEGIN|760|interval;data|emvkxmryhx;INS_ON
BEGIN|761|interval;data|ipywnvwsgb;DL_IMAGE
END|762|interval|ipywnvwsgb
BEGIN|763|interval;data|gnfhjhqfqh;DL_MOBPRM
END|764|interval|ggfsarhhdr
END|765|interval|gnfhjhqfqh
END|766|interval|lujtqhhxtz
END|767|interval|vzyfrqlgyj
BEGIN|768|interval;data|vpeompghqh;DL_ARMPRM
END|769|interval|rnpcjrpqmv
END|770|interval|wfdhbhiwnl
END|771|interval|vpeompghqh
BEGIN|772|interval;data|etbqlhaozw;DL_FAIL
END|773|interval|etbqlhaozw
BEGIN|774|interval;data|amwyxtvzmp;INS_ON
BEGIN|775|interval;data|mvtztzuopc;DL_ARMPRM
BEGIN|776|interval;data|yoogmbskdq;INS_FAIL
END|777|interval|mvtztzuopc
BEGIN|778|interval;data|xtgrdfeopa;INS_RECOVER
BEGIN|779|interval;data|hyanrdqrwh;DL_FAIL
END|780|interval|xtgrdfeopa
BEGIN|781|interval;data|osveivbnqc;GET_CAMDATA
END|782|interval|hyanrdqrwh
END|783|interval|ncmpjgbugr
END|784|interval|amwyxtvzmp
BEGIN|785|interval;data|zsjlguvuvu;STARVE
END|786|interval|zsjlguvuvu
END|787|interval|yoogmbskdq
END|788|interval|osveivbnqc
BEGIN|789|interval;data|gahzfpgwaf;BOOT
BEGIN|790|interval;data|adihxrefvo;DL_IMAGE
BEGIN|791|interval;data|lppirgdyey;DL_MOBPRM
END|792|interval|gahzfpgwaf
BEGIN|793|interval;data|cgbqvbkdkh;DL_ARMPRM
END|794|interval|cgbqvbkdkh
BEGIN|795|interval;data|oebxepkidg;DL_FAIL
END|796|interval|adihxrefvo
END|797|interval|oebxepkidg
BEGIN|798|interval;data|uxcjtgizwj;INS_ON
END|799|interval|lppirgdyey
BEGIN|800|interval;data|yrijwrpeed;BOOT
BEGIN|801|interval;data|mijyvtvrzt;INS_FAIL
END|802|interval|mijyvtvrzt
BEGIN|803|interval;data|pflkkoacyn;INS_RECOVER
BEGIN|804|interval;data|xhlsvihuwu;GET_CAMDATA
END|805|interval|yrijwrpeed
END|806|interval|uxcjtgizwj
BEGIN|807|interval;data|gmgrywjvrh;STARVE
END|808|interval|pflkkoacyn
BEGIN|809|interval;data|jsffizzlsa;BOOT
END|810|interval|jsffizzlsa
BEGIN|811|interval;data|brspopviau;BOOT
BEGIN|812|interval;data|bgybyensvk;BOOT
END|813|interval|brspopviau
BEGIN|814|interval;data|ynscfwtzim;DL_IMAGE
END|815|interval|xhlsvihuwu
END|816|interval|ynscfwtzim
END|817|interval|bgybyensvk
BEGIN|818|interval;data|kfgbhkycga;DL_IMAGE
END|819|interval|kfgbhkycga
BEGIN|820|interval;data|livbnywnxy;DL_MOBPRM
END|821|interval|gmgrywjvrh
BEGIN|822|interval;data|ewfwaedzie;DL_ARMPRM
END|823|interval|ewfwaedzie
BEGIN|824|interval;data|cqidobxudx;DL_IMAGE
END|825|interval|cqidobxudx
BEGIN|826|interval;data|xmmobpqzww;GET_CAMDATA
BEGIN|827|interval;data|ffkbytrctc;STARVE
BEGIN|828|interval;data|gomqywxzim;DL_FAIL
END|829|interval|xmmobpqzww
END|830|interval|ffkbytrctc
BEGIN|831|interval;data|pglbnnbynt;INS_ON
END|832|interval|qqwdzwhnna
END|833|interval|livbnywnxy
BEGIN|834|interval;data|eqsqmevfjt;INS_FAIL
END|835|interval|gomqywxzim
END|836|interval|pglbnnbynt
END|837|interval|eqsqmevfjt
BEGIN|838|interval;data|nihvssfspf;INS_RECOVER
BEGIN|839|interval;data|ysncensiyb;GET_CAMDATA
BEGIN|840|interval;data|aizrpqsoml;STARVE
END|841|interval|ysncensiyb
BEGIN|842|interval;data|jyykwenqfj;DL_ARMPRM
BEGIN|843|interval;data|vqawpjoikw;BOOT
END|844|interval|nihvssfspf
BEGIN|845|interval;data|polzwbietz;DL_IMAGE
END|846|interval|aizrpqsoml
END|847|interval|vqawpjoikw
BEGIN|848|interval;data|bpeyarncml;DL_MOBPRM
END|849|interval|polzwbietz
BEGIN|850|interval;data|wpwwwdmktm;DL_ARMPRM
END|851|interval|bpeyarncml
BEGIN|852|interval;data|jvgxspfcmz;DL_FAIL
BEGIN|853|interval;data|wrjtylljlh;BOOT
BEGIN|854|interval;data|pvlbvpfjhz;INS_ON
END|855|interval|wpwwwdmktm
END|856|interval|jvgxspfcmz
BEGIN|857|interval;data|pljmveieeo;INS_FAIL
BEGIN|858|interval;data|xihriihnmu;INS_RECOVER
END|859|interval|pvlbvpfjhz
BEGIN|860|interval;data|bbbknqrlgz;GET_CAMDATA
END|861|interval|bbbknqrlgz
BEGIN|862|interval;data|rcgdhveklj;STARVE
END|863|interval|pljmveieeo
BEGIN|864|interval;data|giedpsknva;BOOT
BEGIN|865|interval;data|iicknyefuv;DL_IMAGE
END|866|interval|xihriihnmu
BEGIN|867|interval;data|jvpoqzyevm;DL_IMAGE
END|868|interval|rcgdhveklj
BEGIN|869|interval;data|mgfzfskinp;DL_MOBPRM
END|870|interval|giedpsknva
END|871|interval|mgfzfskinp
BEGIN|872|interval;data|mgufiswtar;GET_CAMDATA
BEGIN|873|interval;data|yzihijbmde;DL_ARMPRM
END|874|interval|yzihijbmde
END|875|interval|jvpoqzyevm
BEGIN|876|interval;data|qzrrymipac;DL_FAIL
BEGIN|877|interval;data|gwlsgcliiz;INS_ON
END|878|interval|emvkxmryhx
BEGIN|879|interval;data|bdooumqwjj;INS_FAIL
END|880|interval|bdooumqwjj
BEGIN|881|interval;data|jyxntpfzup;INS_ON
BEGIN|882|interval;data|jqwjcjdlpo;STARVE
END|883|interval|jyxntpfzup
END|884|interval|qzrrymipac
BEGIN|885|interval;data|uggnzrjiui;DL_IMAGE
END|886|interval|jqwjcjdlpo
BEGIN|887|interval;data|unwxuqryvo;INS_ON
BEGIN|888|interval;data|nrfqhmabze;INS_FAIL
BEGIN|889|interval;data|icjictpyoc;INS_RECOVER
END|890|interval|nrfqhmabze
BEGIN|891|interval;data|hiyrkcdxuc;INS_ON
END|892|interval|hiyrkcdxuc
END|893|interval|unwxuqryvo
END|894|interval|icjictpyoc
BEGIN|895|interval;data|xiegsuyefw;INS_RECOVER
END|896|interval|xiegsuyefw
END|897|interval|gwlsgcliiz
BEGIN|898|interval;data|dsmsggaeiv;INS_FAIL
BEGIN|899|interval;data|gxiudzzsul;INS_RECOVER
BEGIN|900|interval;data|qmfurusqww;GET_CAMDATA
END|901|interval|qmfurusqww
END|902|interval|dsmsggaeiv
BEGIN|903|interval;data|etshepknbd;STARVE
END|904|interval|gxiudzzsul
BEGIN|905|interval;data|yjumskckvh;BOOT
END|906|interval|wrjtylljlh
BEGIN|907|interval;data|jwhvnfmvtc;DL_IMAGE
END|908|interval|etshepknbd
END|909|interval|yjumskckvh
END|910|interval|mgufiswtar
BEGIN|911|interval;data|zrrethamtg;DL_MOBPRM
BEGIN|912|interval;data|esfvsdizth;DL_ARMPRM
END|913|interval|jwhvnfmvtc
BEGIN|914|interval;data|sjsmglpboc;DL_FAIL
END|915|interval|sjsmglpboc
BEGIN|916|interval;data|pihzxjreji;INS_ON
BEGIN|917|interval;data|nwmsprmglm;DL_FAIL
END|918|interval|zrrethamtg
END|919|interval|pihzxjreji
BEGIN|920|interval;data|olhpdwjbow;INS_FAIL
END|921|interval|esfvsdizth
END|922|interval|olhpdwjbow
BEGIN|923|interval;data|vffvgosuio;INS_RECOVER
BEGIN|924|interval;data|qvslmaqhkm;GET_CAMDATA
BEGIN|925|interval;data|khrgbiissq;STARVE
END|926|interval|khrgbiissq
BEGIN|927|interval;data|lblaahdhig;BOOT
END|928|interval|vffvgosuio
END|929|interval|iicknyefuv
END|930|interval|qvslmaqhkm
BEGIN|931|interval;data|nyqvabdtmw;DL_IMAGE
BEGIN|932|interval;data|nxxgtkjils;DL_MOBPRM
END|933|interval|nxxgtkjils
END|934|interval|nyqvabdtmw
BEGIN|935|interval;data|diycdpahih;DL_ARMPRM
END|936|interval|diycdpahih
END|937|interval|lblaahdhig
END|938|interval|nwmsprmglm
BEGIN|939|interval;data|pvchbjrjyt;DL_FAIL
END|940|interval|pvchbjrjyt
BEGIN|941|interval;data|kksmclyxkq;INS_ON
BEGIN|942|interval;data|uyizoubgfb;INS_FAIL
END|943|interval|uyizoubgfb
END|944|interval|uggnzrjiui
BEGIN|945|interval;data|pdqgndable;INS_RECOVER
BEGIN|946|interval;data|vkkrgdszbb;GET_CAMDATA
END|947|interval|kksmclyxkq
END|948|interval|pdqgndable
BEGIN|949|interval;data|nssxbmucke;STARVE
END|950|interval|nssxbmucke
BEGIN|951|interval;data|vnkjnhcogk;BOOT
BEGIN|952|interval;data|zpemrdjbys;DL_IMAGE
END|953|interval|vkkrgdszbb
END|954|interval|zpemrdjbys
BEGIN|955|interval;data|vmwotqofqq;DL_MOBPRM
BEGIN|956|interval;data|qgdmjoylxx;BOOT
BEGIN|957|interval;data|dzftmhpiwk;DL_ARMPRM
END|958|interval|vnkjnhcogk
END|959|interval|vmwotqofqq
BEGIN|960|interval;data|jroejowsar;DL_FAIL
END|961|interval|dzftmhpiwk
BEGIN|962|interval;data|bmiswlospu;INS_ON
BEGIN|963|interval;data|whjswrrwrs;INS_ON
BEGIN|964|interval;data|qjktcounhc;INS_FAIL
BEGIN|965|interval;data|ytwzbevelu;INS_RECOVER
END|966|interval|jroejowsar
END|967|interval|bmiswlospu
BEGIN|968|interval;data|nvncmvngbb;GET_CAMDATA
END|969|interval|nvncmvngbb
BEGIN|970|interval;data|vugzwglggr;STARVE
END|971|interval|qjktcounhc
END|972|interval|ytwzbevelu
END|973|interval|jyykwenqfj
BEGIN|974|interval;data|bdvtrwcjyo;DL_ARMPRM
END|975|interval|bdvtrwcjyo
BEGIN|976|interval;data|ttpegmevxw;DL_FAIL
END|977|interval|ttpegmevxw
END|978|interval|vugzwglggr
END|979|interval|whjswrrwrs
BEGIN|980|interval;data|wcygdpqqlf;BOOT
BEGIN|981|interval;data|dztlonsbxa;DL_IMAGE
BEGIN|982|interval;data|etyxpfuutl;DL_MOBPRM
END|983|interval|wcygdpqqlf
END|984|interval|etyxpfuutl
BEGIN|985|interval;data|mtbzxatnbp;DL_ARMPRM
END|986|interval|dztlonsbxa
BEGIN|987|interval;data|rvcvwizrzk;DL_ARMPRM
BEGIN|988|interval;data|dgwyyvqojo;DL_FAIL
END|989|interval|dgwyyvqojo
BEGIN|990|interval;data|fdopbphopv;INS_ON
BEGIN|991|interval;data|ejhlhfzxrb;DL_IMAGE
END|992|interval|ejhlhfzxrb
BEGIN|993|interval;data|ppiydidzze;GET_CAMDATA
BEGIN|994|interval;data|kksfyxajjw;STARVE
END|995|interval|mtbzxatnbp
END|996|interval|kksfyxajjw
END|997|interval|ppiydidzze
END|998|interval|fdopbphopv
BEGIN|999|interval;data|tobvnfrxjr;INS_FAIL
END|1000|interval|tobvnfrxjr
BEGIN|1001|interval;data|jqvzqzspzr;INS_RECOVER
END|1002|interval|jqvzqzspzr
BEGIN|1003|interval;data|vmenwanmld;GET_CAMDATA
END|1004|interval|vmenwanmld
BEGIN|1005|interval;data|qkuhswdtbm;STARVE
END|1006|interval|qkuhswdtbm
BEGIN|1007|interval;data|dhhmsfgbaw;BOOT
END|1008|interval|qgdmjoylxx
END|1009|interval|dhhmsfgbaw
BEGIN|1010|interval;data|hmphqmtzyv;DL_IMAGE
BEGIN|1011|interval;data|pywkbdnkpr;DL_MOBPRM
BEGIN|1012|interval;data|exgblhotog;DL_ARMPRM
BEGIN|1013|interval;data|tywbmlpkqr;DL_FAIL
END|1014|interval|hmphqmtzyv
END|1015|interval|pywkbdnkpr
BEGIN|1016|interval;data|xpjfzedwov;INS_ON
END|1017|interval|tywbmlpkqr
BEGIN|1018|interval;data|uvcnonseks;INS_FAIL
END|1019|interval|uvcnonseks
BEGIN|1020|interval;data|yfbiosxigx;BOOT
END|1021|interval|yfbiosxigx
BEGIN|1022|interval;data|ipnqkrokbj;BOOT
END|1023|interval|exgblhotog
END|1024|interval|ipnqkrokbj
BEGIN|1025|interval;data|snsujmbbhp;DL_IMAGE
BEGIN|1026|interval;data|zfuyhaukqt;DL_IMAGE
END|1027|interval|xpjfzedwov
END|1028|interval|snsujmbbhp
BEGIN|1029|interval;data|lctqzkhjuz;INS_RECOVER
BEGIN|1030|interval;data|ircneqavah;GET_CAMDATA
BEGIN|1031|interval;data|osnvmybmpg;STARVE
END|1032|interval|osnvmybmpg
END|1033|interval|lctqzkhjuz
BEGIN|1034|interval;data|nagsuzcclu;BOOT
END|1035|interval|ircneqavah
BEGIN|1036|interval;data|ldbhllxtrc;DL_IMAGE
END|1037|interval|ldbhllxtrc
BEGIN|1038|interval;data|ucjlxtycwh;DL_MOBPRM
BEGIN|1039|interval;data|xqckdbpmvz;DL_ARMPRM
BEGIN|1040|interval;data|jkctketngw;INS_FAIL
END|1041|interval|nagsuzcclu
END|1042|interval|xqckdbpmvz
BEGIN|1043|interval;data|tlgwabhtae;DL_FAIL
END|1044|interval|jkctketngw
END|1045|interval|tlgwabhtae
END|1046|interval|ucjlxtycwh
BEGIN|1047|interval;data|tdpxuytcmp;INS_ON
BEGIN|1048|interval;data|sjuiizqbnb;INS_FAIL
END|1049|interval|tdpxuytcmp
BEGIN|1050|interval;data|hlbhnoswts;BOOT
BEGIN|1051|interval;data|fufwmpuyuf;INS_RECOVER
END|1052|interval|fufwmpuyuf
BEGIN|1053|interval;data|lsglojkflh;INS_ON
END|1054|interval|lsglojkflh
BEGIN|1055|interval;data|tzppmyxvko;GET_CAMDATA
BEGIN|1056|interval;data|ofnfcdsvip;STARVE
END|1057|interval|ofnfcdsvip
BEGIN|1058|interval;data|skqweiteau;INS_RECOVER
END|1059|interval|sjuiizqbnb
END|1060|interval|tzppmyxvko
BEGIN|1061|interval;data|zsueeynjjg;BOOT
BEGIN|1062|interval;data|wzwnpupojz;INS_ON
BEGIN|1063|interval;data|zuzmygsfke;INS_FAIL
BEGIN|1064|interval;data|vbwyuhnsic;DL_IMAGE
END|1065|interval|zuzmygsfke
BEGIN|1066|interval;data|cfrkaldqdx;INS_ON
END|1067|interval|cfrkaldqdx
END|1068|interval|wzwnpupojz
END|1069|interval|skqweiteau
BEGIN|1070|interval;data|dumcawkmdg;INS_RECOVER
END|1071|interval|dumcawkmdg
BEGIN|1072|interval;data|xwzohoivra;DL_MOBPRM
BEGIN|1073|interval;data|lhmzzotdha;DL_ARMPRM
END|1074|interval|zsueeynjjg
BEGIN|1075|interval;data|qffschedxd;GET_CAMDATA
BEGIN|1076|interval;data|blaenjmwkn;STARVE
END|1077|interval|blaenjmwkn
BEGIN|1078|interval;data|mnkoblwugw;DL_FAIL
BEGIN|1079|interval;data|xqbzddttjr;DL_FAIL
END|1080|interval|qffschedxd
END|1081|interval|vbwyuhnsic
END|1082|interval|xwzohoivra
END|1083|interval|zfuyhaukqt
BEGIN|1084|interval;data|bssrxrdqcs;INS_ON
END|1085|interval|bssrxrdqcs
BEGIN|1086|interval;data|ytmlsmayjz;INS_FAIL
END|1087|interval|lhmzzotdha
BEGIN|1088|interval;data|kduwmlvihr;INS_RECOVER
END|1089|interval|mnkoblwugw
BEGIN|1090|interval;data|ienabtgnbf;GET_CAMDATA
END|1091|interval|xqbzddttjr
END|1092|interval|ienabtgnbf
END|1093|interval|ytmlsmayjz
END|1094|interval|kduwmlvihr
BEGIN|1095|interval;data|uxfhqtfnvp;STARVE
BEGIN|1096|interval;data|tdswlsmtkq;BOOT
END|1097|interval|rvcvwizrzk
END|1098|interval|uxfhqtfnvp
END|1099|interval|tdswlsmtkq
BEGIN|1100|interval;data|bzjhcfoyud;DL_IMAGE
END|1101|interval|bzjhcfoyud
BEGIN|1102|interval;data|jojckquzpw;DL_MOBPRM
END|1103|interval|jojckquzpw
BEGIN|1104|interval;data|brilpsognf;DL_ARMPRM
END|1105|interval|brilpsognf
BEGIN|1106|interval;data|apsnhfzgbq;DL_FAIL
BEGIN|1107|interval;data|odveylzfyk;INS_ON
BEGIN|1108|interval;data|mnxlbkucwo;INS_FAIL
END|1109|interval|mnxlbkucwo
BEGIN|1110|interval;data|rggywvfmna;INS_RECOVER
END|1111|interval|apsnhfzgbq
BEGIN|1112|interval;data|yetflylllj;GET_CAMDATA
END|1113|interval|yetflylllj
END|1114|interval|odveylzfyk
BEGIN|1115|interval;data|lfvwjaznyc;STARVE
END|1116|interval|lfvwjaznyc
END|1117|interval|rggywvfmna
BEGIN|1118|interval;data|hfumwtnapa;BOOT
BEGIN|1119|interval;data|khinafebzq;DL_IMAGE
END|1120|interval|hfumwtnapa
END|1121|interval|hlbhnoswts
BEGIN|1122|interval;data|ngebljqaox;DL_IMAGE
END|1123|interval|ngebljqaox
END|1124|interval|khinafebzq
BEGIN|1125|interval;data|cowbmrzxmz;DL_MOBPRM
BEGIN|1126|interval;data|hcvxttlyua;DL_ARMPRM
BEGIN|1127|interval;data|bkeyzjbstk;DL_FAIL
END|1128|interval|cowbmrzxmz
BEGIN|1129|interval;data|gtuabmllyz;INS_ON
END|1130|interval|hcvxttlyua
END|1131|interval|gtuabmllyz
BEGIN|1132|interval;data|gtoohtzkbn;DL_ARMPRM
BEGIN|1133|interval;data|ueredniqwq;INS_FAIL
END|1134|interval|bkeyzjbstk
BEGIN|1135|interval;data|mublrcmfkh;INS_RECOVER
END|1136|interval|gtoohtzkbn
END|1137|interval|mublrcmfkh
BEGIN|1138|interval;data|vpffaoccqg;GET_CAMDATA
BEGIN|1139|interval;data|mkxgnkzweo;STARVE
BEGIN|1140|interval;data|ggbvvfadzn;DL_IMAGE
END|1141|interval|ueredniqwq
END|1142|interval|mkxgnkzweo
BEGIN|1143|interval;data|jeokbmxrxe;BOOT
END|1144|interval|vpffaoccqg
BEGIN|1145|interval;data|usekktzesn;DL_IMAGE
BEGIN|1146|interval;data|ncovnbjskj;DL_MOBPRM
END|1147|interval|usekktzesn
BEGIN|1148|interval;data|atwftkqnap;DL_FAIL
BEGIN|1149|interval;data|vnsmfcacvk;DL_ARMPRM
END|1150|interval|jeokbmxrxe
END|1151|interval|ncovnbjskj
BEGIN|1152|interval;data|zyxptqnzkj;DL_FAIL
END|1153|interval|vnsmfcacvk
END|1154|interval|ggbvvfadzn
END|1155|interval|zyxptqnzkj
BEGIN|1156|interval;data|phluwwyhkk;INS_ON
BEGIN|1157|interval;data|gwzvsfvfzw;INS_FAIL
END|1158|interval|gwzvsfvfzw
BEGIN|1159|interval;data|uidhjizfkq;GET_CAMDATA
BEGIN|1160|interval;data|zbihvskaxn;STARVE
BEGIN|1161|interval;data|putfkhwfqb;INS_RECOVER
END|1162|interval|zbihvskaxn
END|1163|interval|uidhjizfkq
END|1164|interval|phluwwyhkk
BEGIN|1165|interval;data|qdmtazkmyr;GET_CAMDATA
END|1166|interval|atwftkqnap
BEGIN|1167|interval;data|trgzevegyu;STARVE
END|1168|interval|trgzevegyu
BEGIN|1169|interval;data|guwkmwtzlq;BOOT
END|1170|interval|putfkhwfqb
END|1171|interval|guwkmwtzlq
BEGIN|1172|interval;data|tmlgbzmgre;DL_IMAGE
END|1173|interval|tmlgbzmgre
END|1174|interval|qdmtazkmyr
BEGIN|1175|interval;data|ygidupsowt;DL_MOBPRM
END|1176|interval|ygidupsowt
BEGIN|1177|interval;data|vvedwkjoya;DL_ARMPRM
END|1178|interval|vvedwkjoya
BEGIN|1179|interval;data|mzayknpled;DL_FAIL
BEGIN|1180|interval;data|oiuszuhjmq;INS_ON
BEGIN|1181|interval;data|thxhcoatxm;INS_ON
BEGIN|1182|interval;data|lnkflfkrhi;INS_FAIL
END|1183|interval|mzayknpled
END|1184|interval|oiuszuhjmq
BEGIN|1185|interval;data|rtgpzforsz;INS_RECOVER
BEGIN|1186|interval;data|stzmxoaecw;GET_CAMDATA
END|1187|interval|stzmxoaecw
END|1188|interval|lnkflfkrhi
BEGIN|1189|interval;data|wfjnmogjzo;STARVE
END|1190|interval|wfjnmogjzo
BEGIN|1191|interval;data|zcyqmlmdgj;BOOT
END|1192|interval|rtgpzforsz
BEGIN|1193|interval;data|aryumgbaav;DL_IMAGE
BEGIN|1194|interval;data|gbazubrfwy;DL_MOBPRM
END|1195|interval|gbazubrfwy
BEGIN|1196|interval;data|diazvlfvbg;DL_ARMPRM
END|1197|interval|zcyqmlmdgj
END|1198|interval|aryumgbaav
BEGIN|1199|interval;data|wauddhcqxl;DL_FAIL
END|1200|interval|wauddhcqxl
END|1201|interval|thxhcoatxm
BEGIN|1202|interval;data|thcrzzmons;INS_ON
BEGIN|1203|interval;data|dxbovpcbkr;INS_FAIL
END|1204|interval|dxbovpcbkr
BEGIN|1205|interval;data|octhmvdxgq;INS_FAIL
END|1206|interval|diazvlfvbg
END|1207|interval|thcrzzmons
BEGIN|1208|interval;data|yzlilfshxh;INS_ON
BEGIN|1209|interval;data|renzasfdxw;INS_RECOVER
END|1210|interval|renzasfdxw
END|1211|interval|yzlilfshxh
BEGIN|1212|interval;data|ryoqgdrwms;GET_CAMDATA
BEGIN|1213|interval;data|elybvkthfb;STARVE
END|1214|interval|octhmvdxgq
BEGIN|1215|interval;data|prcyaaegbg;BOOT
BEGIN|1216|interval;data|bjkxkliggy;DL_IMAGE
END|1217|interval|ryoqgdrwms
BEGIN|1218|interval;data|rwnpqhhdbt;INS_RECOVER
END|1219|interval|bjkxkliggy
BEGIN|1220|interval;data|fuwbyenlne;BOOT
BEGIN|1221|interval;data|riwalmmoqk;DL_MOBPRM
END|1222|interval|elybvkthfb
END|1223|interval|prcyaaegbg
END|1224|interval|fuwbyenlne
BEGIN|1225|interval;data|oxztjhnllm;BOOT
BEGIN|1226|interval;data|yfuokglygv;DL_ARMPRM
END|1227|interval|oxztjhnllm
BEGIN|1228|interval;data|xvrbgwmqmu;BOOT
BEGIN|1229|interval;data|aurpyuhxtb;DL_FAIL
END|1230|interval|xvrbgwmqmu
BEGIN|1231|interval;data|gclkyenrkg;DL_IMAGE
END|1232|interval|aurpyuhxtb
END|1233|interval|gclkyenrkg
END|1234|interval|riwalmmoqk
END|1235|interval|yfuokglygv
END|1236|interval|rwnpqhhdbt
BEGIN|1237|interval;data|kjnykmutuf;INS_ON
BEGIN|1238|interval;data|mnrnmtejzr;INS_ON
BEGIN|1239|interval;data|uctnbnmlwa;INS_FAIL
END|1240|interval|kjnykmutuf
BEGIN|1241|interval;data|mcatnfjpun;INS_FAIL
END|1242|interval|uctnbnmlwa
BEGIN|1243|interval;data|uwnoaxnxod;INS_ON
END|1244|interval|uwnoaxnxod
END|1245|interval|mnrnmtejzr
END|1246|interval|mcatnfjpun
BEGIN|1247|interval;data|itzbtiuvyj;INS_RECOVER
END|1248|interval|itzbtiuvyj
BEGIN|1249|interval;data|gkspmjzpkw;INS_RECOVER
END|1250|interval|gkspmjzpkw
BEGIN|1251|interval;data|bmdbnlzhjt;GET_CAMDATA
BEGIN|1252|interval;data|slnqnsfydw;STARVE
END|1253|interval|bmdbnlzhjt
BEGIN|1254|interval;data|pkptmsejrv;BOOT
END|1255|interval|pkptmsejrv
BEGIN|1256|interval;data|rzxmqdsfsw;DL_ARMPRM
END|1257|interval|slnqnsfydw
BEGIN|1258|interval;data|phkxtuplvu;DL_IMAGE
END|1259|interval|phkxtuplvu
BEGIN|1260|interval;data|xpnstsrdsq;DL_MOBPRM
END|1261|interval|xpnstsrdsq
BEGIN|1262|interval;data|jvkxwmyxbp;DL_ARMPRM
END|1263|interval|jvkxwmyxbp
BEGIN|1264|interval;data|vemyvdyuxs;DL_FAIL
BEGIN|1265|interval;data|tedfseruni;INS_ON
END|1266|interval|vemyvdyuxs
BEGIN|1267|interval;data|rpfpcwuydh;INS_FAIL
END|1268|interval|rpfpcwuydh
BEGIN|1269|interval;data|jwhymmmhyv;INS_RECOVER
BEGIN|1270|interval;data|hbtrjwpurg;GET_CAMDATA
END|1271|interval|tedfseruni
BEGIN|1272|interval;data|ohthdjsyra;STARVE
END|1273|interval|ohthdjsyra
END|1274|interval|jwhymmmhyv
END|1275|interval|hbtrjwpurg
BEGIN|1276|interval;data|ycbjznpuig;BOOT
BEGIN|1277|interval;data|krgzxrtwjf;DL_IMAGE
END|1278|interval|krgzxrtwjf
BEGIN|1279|interval;data|ohcbsrfmqj;DL_FAIL
END|1280|interval|ycbjznpuig
BEGIN|1281|interval;data|hzbsdzdplu;DL_MOBPRM
BEGIN|1282|interval;data|gocnfdjrdy;DL_ARMPRM
BEGIN|1283|interval;data|qeflknmujc;DL_FAIL
END|1284|interval|qeflknmujc
BEGIN|1285|interval;data|qujyzlzfxv;INS_ON
END|1286|interval|qujyzlzfxv
END|1287|interval|hzbsdzdplu
END|1288|interval|gocnfdjrdy
BEGIN|1289|interval;data|epiofdekmn;INS_FAIL
END|1290|interval|ohcbsrfmqj
BEGIN|1291|interval;data|yjhqmessls;INS_RECOVER
END|1292|interval|yjhqmessls
END|1293|interval|rzxmqdsfsw
BEGIN|1294|interval;data|hzdwsiymvd;GET_CAMDATA
BEGIN|1295|interval;data|afbficulrx;STARVE
END|1296|interval|epiofdekmn
END|1297|interval|afbficulrx
BEGIN|1298|interval;data|occzckoite;BOOT
BEGIN|1299|interval;data|dtzjazehyz;DL_IMAGE
END|1300|interval|hzdwsiymvd
END|1301|interval|occzckoite
BEGIN|1302|interval;data|vjqktumfem;DL_MOBPRM
END|1303|interval|vjqktumfem
BEGIN|1304|interval;data|mhwbvpmiuy;DL_ARMPRM
END|1305|interval|mhwbvpmiuy
BEGIN|1306|interval;data|tronvuymes;DL_FAIL
END|1307|interval|dtzjazehyz
END|1308|interval|tronvuymes
BEGIN|1309|interval;data|ignsbpeeel;INS_ON
BEGIN|1310|interval;data|zeootiernu;INS_FAIL
BEGIN|1311|interval;data|ujiwkycfxt;INS_RECOVER
END|1312|interval|ignsbpeeel
END|1313|interval|ujiwkycfxt
BEGIN|1314|interval;data|tujbmktian;GET_CAMDATA
END|1315|interval|zeootiernu
BEGIN|1316|interval;data|enjzcgheev;STARVE
BEGIN|1317|interval;data|hccvonxsrs;DL_IMAGE
BEGIN|1318|interval;data|bscxsrfhmd;GET_CAMDATA
BEGIN|1319|interval;data|stoqlkjjtm;STARVE
END|1320|interval|stoqlkjjtm
END|1321|interval|enjzcgheev
BEGIN|1322|interval;data|jofqaogshs;BOOT
BEGIN|1323|interval;data|gohojajaen;DL_IMAGE
END|1324|interval|gohojajaen
BEGIN|1325|interval;data|nlgphuhkel;GET_CAMDATA
BEGIN|1326|interval;data|cfhrhtffuo;STARVE
END|1327|interval|bscxsrfhmd
END|1328|interval|cfhrhtffuo
END|1329|interval|nlgphuhkel
END|1330|interval|tujbmktian
BEGIN|1331|interval;data|zhcyuapfzj;DL_IMAGE
END|1332|interval|hccvonxsrs
BEGIN|1333|interval;data|aingrtgepi;DL_MOBPRM
END|1334|interval|aingrtgepi
BEGIN|1335|interval;data|mvpktboaov;DL_ARMPRM
END|1336|interval|jofqaogshs
BEGIN|1337|interval;data|wvabyfybxc;DL_FAIL
END|1338|interval|wvabyfybxc
END|1339|interval|zhcyuapfzj
END|1340|interval|mvpktboaov
BEGIN|1341|interval;data|jujbypjsdn;INS_ON
END|1342|interval|jujbypjsdn
BEGIN|1343|interval;data|qajtxddpeo;INS_FAIL
END|1344|interval|qajtxddpeo
BEGIN|1345|interval;data|zqcahqadvh;INS_RECOVER
END|1346|interval|zqcahqadvh
BEGIN|1347|interval;data|dgedmfmtlw;GET_CAMDATA
BEGIN|1348|interval;data|stfjqafvkg;STARVE
BEGIN|1349|interval;data|xdbzypgqnt;BOOT
END|1350|interval|dgedmfmtlw
END|1351|interval|xdbzypgqnt
BEGIN|1352|interval;data|rvkxacdnwf;DL_IMAGE
END|1353|interval|stfjqafvkg
BEGIN|1354|interval;data|azjtvybwml;DL_IMAGE
BEGIN|1355|interval;data|amlmrovlvx;DL_ARMPRM
BEGIN|1356|interval;data|gejpaswwnx;DL_MOBPRM
END|1357|interval|gejpaswwnx
BEGIN|1358|interval;data|ffkumrlzbv;DL_ARMPRM
END|1359|interval|rvkxacdnwf
BEGIN|1360|interval;data|yfzfqeynwu;DL_FAIL
END|1361|interval|ffkumrlzbv
END|1362|interval|yfzfqeynwu
BEGIN|1363|interval;data|qxeawenvse;INS_ON
END|1364|interval|qxeawenvse
END|1365|interval|amlmrovlvx
BEGIN|1366|interval;data|hoknqolsto;INS_FAIL
END|1367|interval|hoknqolsto
BEGIN|1368|interval;data|muqfhhcnwm;INS_RECOVER
BEGIN|1369|interval;data|vziwnzvzcx;DL_FAIL
BEGIN|1370|interval;data|qlnqvdwdnl;GET_CAMDATA
END|1371|interval|vziwnzvzcx
BEGIN|1372|interval;data|vxugystzbh;STARVE
BEGIN|1373|interval;data|nxikrnivmd;GET_CAMDATA
BEGIN|1374|interval;data|dcggnrdphx;STARVE
BEGIN|1375|interval;data|tloxxiubws;BOOT
END|1376|interval|dcggnrdphx
END|1377|interval|muqfhhcnwm
END|1378|interval|qlnqvdwdnl
END|1379|interval|vxugystzbh
BEGIN|1380|interval;data|ljiqneksdb;DL_IMAGE
BEGIN|1381|interval;data|hukinrsfvo;DL_MOBPRM
END|1382|interval|tloxxiubws
END|1383|interval|ljiqneksdb
BEGIN|1384|interval;data|zhytlvraxw;INS_ON
END|1385|interval|nxikrnivmd
BEGIN|1386|interval;data|jdfkxrcica;DL_ARMPRM
END|1387|interval|hukinrsfvo
END|1388|interval|jdfkxrcica
END|1389|interval|azjtvybwml
BEGIN|1390|interval;data|vezfxtpzga;DL_FAIL
END|1391|interval|vezfxtpzga
BEGIN|1392|interval;data|izpygmzjrz;INS_ON
END|1393|interval|izpygmzjrz
BEGIN|1394|interval;data|lfcoslycns;INS_FAIL
BEGIN|1395|interval;data|gpjtrekuwl;INS_RECOVER
END|1396|interval|zhytlvraxw
END|1397|interval|gpjtrekuwl
BEGIN|1398|interval;data|lbmvnoydvc;GET_CAMDATA
END|1399|interval|lbmvnoydvc
BEGIN|1400|interval;data|jhijacbzxx;STARVE
BEGIN|1401|interval;data|rbcficrtnk;INS_FAIL
END|1402|interval|lfcoslycns
BEGIN|1403|interval;data|vlibtfuxjx;BOOT
BEGIN|1404|interval;data|tbrdizuayk;BOOT
END|1405|interval|tbrdizuayk
END|1406|interval|jhijacbzxx
BEGIN|1407|interval;data|coshkgqkxk;DL_IMAGE
END|1408|interval|coshkgqkxk
BEGIN|1409|interval;data|cgnnsscmkp;DL_MOBPRM
BEGIN|1410|interval;data|xpadbwyshf;DL_IMAGE
END|1411|interval|cgnnsscmkp
BEGIN|1412|interval;data|vqrqedawbs;DL_ARMPRM
BEGIN|1413|interval;data|sqbymhyzpi;DL_FAIL
END|1414|interval|sqbymhyzpi
BEGIN|1415|interval;data|fekbkuhqql;INS_ON
END|1416|interval|vlibtfuxjx
END|1417|interval|fekbkuhqql
END|1418|interval|rbcficrtnk
BEGIN|1419|interval;data|jucopionkw;INS_ON
END|1420|interval|jucopionkw
END|1421|interval|vqrqedawbs
BEGIN|1422|interval;data|edysahvowe;INS_FAIL
BEGIN|1423|interval;data|xaogaunvfg;INS_ON
BEGIN|1424|interval;data|hfrwcekyzz;INS_FAIL
BEGIN|1425|interval;data|mdufryyiyi;INS_RECOVER
END|1426|interval|hfrwcekyzz
BEGIN|1427|interval;data|gpkcnhvwtu;INS_ON
END|1428|interval|gpkcnhvwtu
END|1429|interval|xaogaunvfg
END|1430|interval|mdufryyiyi
BEGIN|1431|interval;data|gndhicyfic;INS_RECOVER
BEGIN|1432|interval;data|krdmswwbof;DL_IMAGE
END|1433|interval|gndhicyfic
END|1434|interval|krdmswwbof
BEGIN|1435|interval;data|benrdybvaw;INS_RECOVER
END|1436|interval|benrdybvaw
BEGIN|1437|interval;data|uborvcxfsg;GET_CAMDATA
END|1438|interval|edysahvowe
END|1439|interval|xpadbwyshf
BEGIN|1440|interval;data|vnqinglmzx;STARVE
BEGIN|1441|interval;data|dztnvdubzl;BOOT
END|1442|interval|vnqinglmzx
END|1443|interval|dztnvdubzl
BEGIN|1444|interval;data|fwxbwxtieo;BOOT
BEGIN|1445|interval;data|fxoededqfi;BOOT
END|1446|interval|fxoededqfi
BEGIN|1447|interval;data|rlvpjueolq;BOOT
END|1448|interval|fwxbwxtieo
END|1449|interval|rlvpjueolq
BEGIN|1450|interval;data|sdjoeakosi;DL_IMAGE
BEGIN|1451|interval;data|fwmdjmxtdh;DL_IMAGE
END|1452|interval|sdjoeakosi
END|1453|interval|uborvcxfsg
BEGIN|1454|interval;data|layjwzqwlk;DL_MOBPRM
END|1455|interval|fwmdjmxtdh
BEGIN|1456|interval;data|soyqpcpogk;DL_ARMPRM
BEGIN|1457|interval;data|igzjtkovdf;DL_FAIL
END|1458|interval|layjwzqwlk
BEGIN|1459|interval;data|vlmjohxmgk;INS_ON
END|1460|interval|igzjtkovdf
END|1461|interval|vlmjohxmgk
BEGIN|1462|interval;data|zthtbnsybc;INS_FAIL
END|1463|interval|soyqpcpogk
BEGIN|1464|interval;data|nekiealomf;INS_RECOVER
END|1465|interval|zthtbnsybc
BEGIN|1466|interval;data|czecefteis;GET_CAMDATA
BEGIN|1467|interval;data|spgmhazaol;STARVE
END|1468|interval|czecefteis
BEGIN|1469|interval;data|nryxehfdgp;BOOT
BEGIN|1470|interval;data|ylnydrexcu;GET_CAMDATA
END|1471|interval|nekiealomf
BEGIN|1472|interval;data|vncrgkyqbu;DL_IMAGE
END|1473|interval|spgmhazaol
BEGIN|1474|interval;data|flwfocbicj;STARVE
END|1475|interval|vncrgkyqbu
BEGIN|1476|interval;data|ueluzsduwk;DL_MOBPRM
END|1477|interval|nryxehfdgp
BEGIN|1478|interval;data|pdrsmiqkhu;DL_ARMPRM
END|1479|interval|ylnydrexcu
END|1480|interval|flwfocbicj
END|1481|interval|pdrsmiqkhu
BEGIN|1482|interval;data|pdkcjueaps;DL_FAIL
END|1483|interval|ueluzsduwk
END|1484|interval|pdkcjueaps
BEGIN|1485|interval;data|jslrcbkjxr;INS_ON
BEGIN|1486|interval;data|anskbfmcgn;INS_FAIL
END|1487|interval|anskbfmcgn
BEGIN|1488|interval;data|atamznhlud;INS_RECOVER
END|1489|interval|jslrcbkjxr
BEGIN|1490|interval;data|zleleyxvsl;GET_CAMDATA
END|1491|interval|zleleyxvsl
BEGIN|1492|interval;data|apvrzwhyyh;STARVE
END|1493|interval|atamznhlud
END|1494|interval|apvrzwhyyh
BEGIN|1495|interval;data|zzabsvplsr;BOOT
BEGIN|1496|interval;data|nfqmumqsoj;DL_IMAGE
BEGIN|1497|interval;data|fgpxlhiefs;DL_MOBPRM
BEGIN|1498|interval;data|dzzakqzdtd;DL_ARMPRM
END|1499|interval|zzabsvplsr
END|1500|interval|nfqmumqsoj
END|1501|interval|dzzakqzdtd
BEGIN|1502|interval;data|slqlbvjgxh;DL_FAIL
END|1503|interval|fgpxlhiefs
BEGIN|1504|interval;data|rrsygylgua;INS_ON
END|1505|interval|slqlbvjgxh
END|1506|interval|rrsygylgua
BEGIN|1507|interval;data|juqvljqgxv;INS_FAIL
BEGIN|1508|interval;data|zkjyvzqhwh;INS_RECOVER
END|1509|interval|zkjyvzqhwh
BEGIN|1510|interval;data|vcpykrzvje;GET_CAMDATA
BEGIN|1511|interval;data|ocnfcvqpvf;DL_ARMPRM
END|1512|interval|vcpykrzvje
END|1513|interval|juqvljqgxv
BEGIN|1514|interval;data|mvgpjembkj;STARVE
END|1515|interval|mvgpjembkj
BEGIN|1516|interval;data|rdohzqzpfq;BOOT
BEGIN|1517|interval;data|kxpfvmzbtn;DL_IMAGE
BEGIN|1518|interval;data|gtyfqsjxbh;DL_MOBPRM
BEGIN|1519|interval;data|zuiiqcjuwy;DL_ARMPRM
END|1520|interval|rdohzqzpfq
END|1521|interval|kxpfvmzbtn
END|1522|interval|gtyfqsjxbh
BEGIN|1523|interval;data|tgkgvppvli;DL_FAIL
BEGIN|1524|interval;data|bvdgbydyqb;DL_FAIL
END|1525|interval|tgkgvppvli
BEGIN|1526|interval;data|vvmaeupyue;INS_ON
BEGIN|1527|interval;data|vpksywukbi;INS_FAIL
END|1528|interval|zuiiqcjuwy
END|1529|interval|bvdgbydyqb
END|1530|interval|vvmaeupyue
BEGIN|1531|interval;data|bwlarjishl;INS_RECOVER
END|1532|interval|bwlarjishl
BEGIN|1533|interval;data|pvedcujhfr;GET_CAMDATA
END|1534|interval|vpksywukbi
END|1535|interval|pvedcujhfr
END|1536|interval|ocnfcvqpvf
BEGIN|1537|interval;data|dlurpdukdt;STARVE
BEGIN|1538|interval;data|ciqoplulxr;BOOT
END|1539|interval|ciqoplulxr
BEGIN|1540|interval;data|ocmrvdxpol;DL_IMAGE
BEGIN|1541|interval;data|plwfuxfbkn;DL_MOBPRM
END|1542|interval|dlurpdukdt
END|1543|interval|ocmrvdxpol
BEGIN|1544|interval;data|eyrjndosmp;DL_ARMPRM
BEGIN|1545|interval;data|lapuhmqgyi;DL_ARMPRM
END|1546|interval|lapuhmqgyi
BEGIN|1547|interval;data|lmdhgpzlrc;DL_FAIL
BEGIN|1548|interval;data|jehhtvwmvo;INS_ON
END|1549|interval|jehhtvwmvo
END|1550|interval|plwfuxfbkn
BEGIN|1551|interval;data|rjccoxanqi;INS_FAIL
END|1552|interval|lmdhgpzlrc
BEGIN|1553|interval;data|ghaqgarhph;INS_RECOVER
END|1554|interval|ghaqgarhph
END|1555|interval|eyrjndosmp
BEGIN|1556|interval;data|wynyhphrnh;GET_CAMDATA
END|1557|interval|wynyhphrnh
END|1558|interval|rjccoxanqi
BEGIN|1559|interval;data|nxyrqgywfn;STARVE
BEGIN|1560|interval;data|bjgpuxeafd;INS_ON
END|1561|interval|nxyrqgywfn
BEGIN|1562|interval;data|owpqhgpnsj;BOOT
END|1563|interval|owpqhgpnsj
BEGIN|1564|interval;data|yeablmzkld;DL_FAIL
END|1565|interval|yeablmzkld
BEGIN|1566|interval;data|fzgkfihcan;DL_IMAGE
END|1567|interval|bjgpuxeafd
END|1568|interval|fzgkfihcan
BEGIN|1569|interval;data|wjajwtavyv;DL_MOBPRM
END|1570|interval|wjajwtavyv
BEGIN|1571|interval;data|ycydjlayhk;DL_ARMPRM
END|1572|interval|ycydjlayhk
BEGIN|1573|interval;data|ivdckyhdbo;DL_FAIL
END|1574|interval|ivdckyhdbo
BEGIN|1575|interval;data|eorvelqlir;INS_ON
BEGIN|1576|interval;data|kdsgncojvq;DL_ARMPRM
BEGIN|1577|interval;data|hsmpkyqofb;INS_FAIL
BEGIN|1578|interval;data|eifwfzrxnz;INS_RECOVER
END|1579|interval|eorvelqlir
END|1580|interval|hsmpkyqofb
BEGIN|1581|interval;data|wrogkolwkv;GET_CAMDATA
END|1582|interval|wrogkolwkv
BEGIN|1583|interval;data|vqgnenlqgb;STARVE
END|1584|interval|eifwfzrxnz
BEGIN|1585|interval;data|lujgwihfts;INS_FAIL
END|1586|interval|lujgwihfts
BEGIN|1587|interval;data|iqgaolfumo;BOOT
BEGIN|1588|interval;data|wtowxrxvra;DL_IMAGE
BEGIN|1589|interval;data|mluedaztks;INS_ON
END|1590|interval|mluedaztks
END|1591|interval|vqgnenlqgb
END|1592|interval|iqgaolfumo
BEGIN|1593|interval;data|yyjurklgbv;DL_MOBPRM
BEGIN|1594|interval;data|dhmstyxfbw;INS_RECOVER
BEGIN|1595|interval;data|afoksnkniv;INS_ON
BEGIN|1596|interval;data|mtlblkwkjl;INS_FAIL
BEGIN|1597|interval;data|aqvcfncdfe;DL_ARMPRM
END|1598|interval|mtlblkwkjl
BEGIN|1599|interval;data|zndfefwric;INS_ON
END|1600|interval|zndfefwric
END|1601|interval|afoksnkniv
END|1602|interval|dhmstyxfbw
BEGIN|1603|interval;data|fypopxekwg;INS_RECOVER
END|1604|interval|fypopxekwg
END|1605|interval|wtowxrxvra
BEGIN|1606|interval;data|pzniyhjvjs;DL_FAIL
END|1607|interval|yyjurklgbv
END|1608|interval|aqvcfncdfe
BEGIN|1609|interval;data|gextzcfinb;DL_FAIL
BEGIN|1610|interval;data|bvzghhjrze;INS_ON
END|1611|interval|bvzghhjrze
END|1612|interval|gextzcfinb
BEGIN|1613|interval;data|uomcwrvkkn;INS_FAIL
BEGIN|1614|interval;data|yvvxpntqtg;INS_RECOVER
BEGIN|1615|interval;data|sdqhknwpkg;GET_CAMDATA
END|1616|interval|sdqhknwpkg
BEGIN|1617|interval;data|cnpftdevre;BOOT
END|1618|interval|uomcwrvkkn
BEGIN|1619|interval;data|wukylcxxum;DL_IMAGE
END|1620|interval|yvvxpntqtg
BEGIN|1621|interval;data|wbcgzliqyl;STARVE
END|1622|interval|wbcgzliqyl
BEGIN|1623|interval;data|whffdkgfkk;BOOT
END|1624|interval|pzniyhjvjs
BEGIN|1625|interval;data|nitxnyfxkb;DL_IMAGE
BEGIN|1626|interval;data|itmsfvlazv;DL_MOBPRM
END|1627|interval|whffdkgfkk
BEGIN|1628|interval;data|egcnhnnkwg;DL_ARMPRM
END|1629|interval|nitxnyfxkb
BEGIN|1630|interval;data|pbeziddigg;DL_FAIL
BEGIN|1631|interval;data|rdsfntatev;GET_CAMDATA
BEGIN|1632|interval;data|ekrjnmtzvn;DL_IMAGE
END|1633|interval|itmsfvlazv
BEGIN|1634|interval;data|qgdyzpjtgm;STARVE
END|1635|interval|cnpftdevre
END|1636|interval|ekrjnmtzvn
BEGIN|1637|interval;data|heexjxrudo;INS_ON
END|1638|interval|qgdyzpjtgm
BEGIN|1639|interval;data|pfaniriqlt;INS_FAIL
END|1640|interval|egcnhnnkwg
END|1641|interval|rdsfntatev
BEGIN|1642|interval;data|bdlwlsusxm;INS_RECOVER
BEGIN|1643|interval;data|oksavemaxg;BOOT
END|1644|interval|oksavemaxg
END|1645|interval|pbeziddigg
END|1646|interval|heexjxrudo
END|1647|interval|wukylcxxum
BEGIN|1648|interval;data|tcomchuijb;BOOT
END|1649|interval|tcomchuijb
BEGIN|1650|interval;data|rdwucexeys;DL_IMAGE
BEGIN|1651|interval;data|qdisujgxfc;BOOT
END|1652|interval|rdwucexeys
BEGIN|1653|interval;data|ssjyoeewpw;GET_CAMDATA
BEGIN|1654|interval;data|ahhgcbilwr;STARVE
END|1655|interval|pfaniriqlt
END|1656|interval|ssjyoeewpw
END|1657|interval|ahhgcbilwr
END|1658|interval|qdisujgxfc
BEGIN|1659|interval;data|artpmodkqy;DL_IMAGE
BEGIN|1660|interval;data|rtmdsruwep;INS_ON
BEGIN|1661|interval;data|nainpfslrn;GET_CAMDATA
END|1662|interval|artpmodkqy
BEGIN|1663|interval;data|nngdzvewzw;STARVE
BEGIN|1664|interval;data|ahrbhirwyf;BOOT
END|1665|interval|bdlwlsusxm
END|1666|interval|ahrbhirwyf
BEGIN|1667|interval;data|cfxasjwklz;DL_IMAGE
END|1668|interval|nainpfslrn
END|1669|interval|nngdzvewzw
BEGIN|1670|interval;data|ffmvvjdohu;DL_MOBPRM
BEGIN|1671|interval;data|owxnzdnlpm;DL_ARMPRM
END|1672|interval|ffmvvjdohu
BEGIN|1673|interval;data|uvcqzquttq;DL_FAIL
END|1674|interval|cfxasjwklz
BEGIN|1675|interval;data|caxhcuviuk;INS_ON
END|1676|interval|caxhcuviuk
BEGIN|1677|interval;data|idyhmzqzwd;INS_FAIL
END|1678|interval|owxnzdnlpm
END|1679|interval|uvcqzquttq
BEGIN|1680|interval;data|sjmrhdzhru;INS_RECOVER
BEGIN|1681|interval;data|vvbkhgvayg;GET_CAMDATA
BEGIN|1682|interval;data|prbxmjzgcb;STARVE
END|1683|interval|idyhmzqzwd
END|1684|interval|vvbkhgvayg
BEGIN|1685|interval;data|soctdttegr;BOOT
END|1686|interval|soctdttegr
END|1687|interval|sjmrhdzhru
END|1688|interval|prbxmjzgcb
BEGIN|1689|interval;data|jzezulkjzo;DL_IMAGE
END|1690|interval|jzezulkjzo
BEGIN|1691|interval;data|mvciswibho;DL_MOBPRM
BEGIN|1692|interval;data|uptkfnqsww;DL_ARMPRM
BEGIN|1693|interval;data|fgwqzyeqlj;DL_FAIL
END|1694|interval|mvciswibho
END|1695|interval|uptkfnqsww
BEGIN|1696|interval;data|zzuuyjgqqs;INS_ON
END|1697|interval|zzuuyjgqqs
BEGIN|1698|interval;data|tbcuplvngv;INS_FAIL
END|1699|interval|tbcuplvngv
END|1700|interval|fgwqzyeqlj
BEGIN|1701|interval;data|avoefnbmrt;INS_RECOVER
BEGIN|1702|interval;data|awjxdilxab;GET_CAMDATA
BEGIN|1703|interval;data|gzcqqaaain;STARVE
END|1704|interval|awjxdilxab
BEGIN|1705|interval;data|jbvjiayhmp;BOOT
END|1706|interval|avoefnbmrt
BEGIN|1707|interval;data|wxjlmzuzfr;DL_IMAGE
BEGIN|1708|interval;data|mdnzwkxfic;DL_MOBPRM
END|1709|interval|gzcqqaaain
END|1710|interval|jbvjiayhmp
END|1711|interval|wxjlmzuzfr
BEGIN|1712|interval;data|xhkkertjoj;DL_ARMPRM
END|1713|interval|xhkkertjoj
BEGIN|1714|interval;data|uiggtvnhdw;DL_FAIL
BEGIN|1715|interval;data|gjofuxjrgo;INS_ON
END|1716|interval|mdnzwkxfic
END|1717|interval|uiggtvnhdw
END|1718|interval|gjofuxjrgo
BEGIN|1719|interval;data|dwygmifasg;INS_FAIL
END|1720|interval|dwygmifasg
BEGIN|1721|interval;data|iotoxwwjwh;INS_RECOVER
BEGIN|1722|interval;data|iombgvtrff;GET_CAMDATA
END|1723|interval|iotoxwwjwh
END|1724|interval|iombgvtrff
END|1725|interval|kdsgncojvq
BEGIN|1726|interval;data|twufvvekcj;STARVE
END|1727|interval|twufvvekcj
BEGIN|1728|interval;data|rcdsmqtyan;BOOT
END|1729|interval|rcdsmqtyan
BEGIN|1730|interval;data|qickfkyijo;DL_IMAGE
BEGIN|1731|interval;data|hglmqusoiz;DL_MOBPRM
END|1732|interval|qickfkyijo
BEGIN|1733|interval;data|aipayuoxqi;DL_ARMPRM
END|1734|interval|hglmqusoiz
BEGIN|1735|interval;data|vyskkahodh;DL_FAIL
END|1736|interval|aipayuoxqi
BEGIN|1737|interval;data|fblbptfjrv;INS_ON
BEGIN|1738|interval;data|fobzhqennb;INS_FAIL
END|1739|interval|vyskkahodh
END|1740|interval|fobzhqennb
BEGIN|1741|interval;data|oakxtpobbr;INS_RECOVER
BEGIN|1742|interval;data|xbmvfhnoux;GET_CAMDATA
END|1743|interval|fblbptfjrv
BEGIN|1744|interval;data|ytlnimivqi;STARVE
END|1745|interval|oakxtpobbr
END|1746|interval|ytlnimivqi
BEGIN|1747|interval;data|jynsegprgv;BOOT
END|1748|interval|jynsegprgv
BEGIN|1749|interval;data|suolktdwvr;DL_IMAGE
END|1750|interval|xbmvfhnoux
BEGIN|1751|interval;data|fvdsdvhkwp;DL_MOBPRM
END|1752|interval|suolktdwvr
BEGIN|1753|interval;data|hpxfqeyqzg;DL_ARMPRM
BEGIN|1754|interval;data|suasiogpen;DL_FAIL
BEGIN|1755|interval;data|gowdirctyb;DL_ARMPRM
END|1756|interval|suasiogpen
END|1757|interval|rtmdsruwep
END|1758|interval|gowdirctyb
BEGIN|1759|interval;data|xvmkqnkdec;INS_FAIL
BEGIN|1760|interval;data|vhqtqpygoj;DL_FAIL
END|1761|interval|vhqtqpygoj
BEGIN|1762|interval;data|ifzfllebsv;INS_ON
END|1763|interval|fvdsdvhkwp
END|1764|interval|hpxfqeyqzg
BEGIN|1765|interval;data|sqkenymsni;INS_FAIL
END|1766|interval|xvmkqnkdec
BEGIN|1767|interval;data|kpuywaselg;INS_RECOVER
BEGIN|1768|interval;data|vekqzebjic;GET_CAMDATA
BEGIN|1769|interval;data|inilafmirw;INS_ON
END|1770|interval|inilafmirw
END|1771|interval|ifzfllebsv
BEGIN|1772|interval;data|ksvqrpaxgy;STARVE
BEGIN|1773|interval;data|jwjxyapeta;INS_ON
BEGIN|1774|interval;data|hvfhyomhgr;INS_FAIL
BEGIN|1775|interval;data|qvuwurrtws;INS_RECOVER
END|1776|interval|hvfhyomhgr
BEGIN|1777|interval;data|atkjjjuldk;INS_ON
END|1778|interval|atkjjjuldk
END|1779|interval|jwjxyapeta
END|1780|interval|qvuwurrtws
BEGIN|1781|interval;data|abyvgemmjb;INS_RECOVER
END|1782|interval|abyvgemmjb
END|1783|interval|sqkenymsni
END|1784|interval|kpuywaselg
BEGIN|1785|interval;data|tuornprohf;BOOT
END|1786|interval|tuornprohf
END|1787|interval|ksvqrpaxgy
BEGIN|1788|interval;data|lvmcheiprv;DL_IMAGE
END|1789|interval|vekqzebjic
BEGIN|1790|interval;data|nsanpwwkee;DL_MOBPRM
END|1791|interval|lvmcheiprv
BEGIN|1792|interval;data|qawmawugmo;DL_ARMPRM
BEGIN|1793|interval;data|znunlvgxab;DL_FAIL
BEGIN|1794|interval;data|kypavfdudm;INS_ON
END|1795|interval|nsanpwwkee
END|1796|interval|znunlvgxab
BEGIN|1797|interval;data|qvptdgtxtl;INS_FAIL
END|1798|interval|qvptdgtxtl
END|1799|interval|qawmawugmo
END|1800|interval|kypavfdudm
BEGIN|1801|interval;data|gkbognpoit;INS_RECOVER
BEGIN|1802|interval;data|mofbrskqzq;GET_CAMDATA
END|1803|interval|mofbrskqzq
BEGIN|1804|interval;data|magwkqhvmm;STARVE
BEGIN|1805|interval;data|rftomqzprd;DL_IMAGE
BEGIN|1806|interval;data|egmetrfmvz;BOOT
END|1807|interval|gkbognpoit
BEGIN|1808|interval;data|frjyhkisrq;DL_IMAGE
END|1809|interval|egmetrfmvz
END|1810|interval|frjyhkisrq
BEGIN|1811|interval;data|bhvbprjfzl;DL_MOBPRM
BEGIN|1812|interval;data|jkxepwbksb;GET_CAMDATA
BEGIN|1813|interval;data|dvkfavmvtb;STARVE
END|1814|interval|dvkfavmvtb
END|1815|interval|magwkqhvmm
END|1816|interval|bhvbprjfzl
END|1817|interval|jkxepwbksb
BEGIN|1818|interval;data|sjvonmgbvr;DL_ARMPRM
BEGIN|1819|interval;data|kjqxnyoymb;DL_IMAGE
BEGIN|1820|interval;data|agvfqudukv;DL_FAIL
END|1821|interval|kjqxnyoymb
BEGIN|1822|interval;data|famswigxrk;GET_CAMDATA
BEGIN|1823|interval;data|irkayecivz;STARVE
END|1824|interval|rftomqzprd
END|1825|interval|agvfqudukv
END|1826|interval|irkayecivz
END|1827|interval|famswigxrk
BEGIN|1828|interval;data|iibxberlcj;INS_ON
BEGIN|1829|interval;data|qkfljnjmgu;DL_ARMPRM
END|1830|interval|iibxberlcj
BEGIN|1831|interval;data|ijinfmdyst;INS_FAIL
END|1832|interval|ijinfmdyst
END|1833|interval|sjvonmgbvr
BEGIN|1834|interval;data|lfystfjoce;INS_RECOVER
BEGIN|1835|interval;data|bjjomlyxhb;DL_FAIL
END|1836|interval|bjjomlyxhb
END|1837|interval|lfystfjoce
BEGIN|1838|interval;data|pxebqvolwb;GET_CAMDATA
BEGIN|1839|interval;data|thohngbhqg;STARVE
END|1840|interval|qkfljnjmgu
END|1841|interval|thohngbhqg
BEGIN|1842|interval;data|ngmqbtgpve;BOOT
BEGIN|1843|interval;data|zotwoecgda;BOOT
END|1844|interval|pxebqvolwb
END|1845|interval|zotwoecgda
BEGIN|1846|interval;data|kkmyjdeutl;DL_IMAGE
BEGIN|1847|interval;data|aywtnfzioj;DL_IMAGE
END|1848|interval|aywtnfzioj
BEGIN|1849|interval;data|rbcgocwmex;DL_MOBPRM
END|1850|interval|rbcgocwmex
BEGIN|1851|interval;data|fhknjawnqo;DL_ARMPRM
END|1852|interval|fhknjawnqo
END|1853|interval|kkmyjdeutl
BEGIN|1854|interval;data|kkpuurgfkk;BOOT
END|1855|interval|ngmqbtgpve
END|1856|interval|kkpuurgfkk
BEGIN|1857|interval;data|kjpzzdyjvd;BOOT
END|1858|interval|kjpzzdyjvd
BEGIN|1859|interval;data|qaczruzlbo;BOOT
BEGIN|1860|interval;data|eaylmrxvfu;DL_FAIL
END|1861|interval|qaczruzlbo
BEGIN|1862|interval;data|eeyiprsxni;DL_IMAGE
BEGIN|1863|interval;data|bdkmascigd;INS_ON
BEGIN|1864|interval;data|hdrxwdauei;INS_ON
END|1865|interval|eeyiprsxni
END|1866|interval|hdrxwdauei
BEGIN|1867|interval;data|lfpjiasdyh;INS_FAIL
END|1868|interval|lfpjiasdyh
END|1869|interval|eaylmrxvfu
BEGIN|1870|interval;data|mxbusmfydw;INS_RECOVER
BEGIN|1871|interval;data|mtdrcbqtir;DL_ARMPRM
BEGIN|1872|interval;data|bzhvzqrgec;GET_CAMDATA
END|1873|interval|bzhvzqrgec
BEGIN|1874|interval;data|jgeufwonsb;STARVE
BEGIN|1875|interval;data|ttcjncylba;BOOT
END|1876|interval|ttcjncylba
END|1877|interval|mxbusmfydw
BEGIN|1878|interval;data|mlkesmrbud;DL_IMAGE
BEGIN|1879|interval;data|ebdvuzfmgx;DL_MOBPRM
END|1880|interval|jgeufwonsb
BEGIN|1881|interval;data|msbncnpnxg;DL_ARMPRM
END|1882|interval|msbncnpnxg
END|1883|interval|mlkesmrbud
END|1884|interval|ebdvuzfmgx
BEGIN|1885|interval;data|iqymwqwzkb;DL_FAIL
END|1886|interval|iqymwqwzkb
BEGIN|1887|interval;data|kxrsiixjbu;INS_ON
BEGIN|1888|interval;data|woxbidrebc;INS_FAIL
END|1889|interval|kxrsiixjbu
END|1890|interval|woxbidrebc
BEGIN|1891|interval;data|rrlutzekjm;INS_RECOVER
BEGIN|1892|interval;data|tsxousfakc;GET_CAMDATA
BEGIN|1893|interval;data|kgbivbusbx;STARVE
END|1894|interval|rrlutzekjm
END|1895|interval|tsxousfakc
END|1896|interval|kgbivbusbx
BEGIN|1897|interval;data|mttqssilmz;BOOT
BEGIN|1898|interval;data|sdjtosxkvs;DL_IMAGE
END|1899|interval|sdjtosxkvs
BEGIN|1900|interval;data|hqhssmkatm;DL_MOBPRM
END|1901|interval|hqhssmkatm
END|1902|interval|mttqssilmz
BEGIN|1903|interval;data|asgwwudyen;BOOT
END|1904|interval|asgwwudyen
BEGIN|1905|interval;data|ainegxaess;DL_IMAGE
END|1906|interval|ainegxaess
BEGIN|1907|interval;data|kglbpkbrxm;BOOT
END|1908|interval|kglbpkbrxm
BEGIN|1909|interval;data|fgagumuzvi;BOOT
END|1910|interval|fgagumuzvi
BEGIN|1911|interval;data|iwngdweptw;DL_IMAGE
END|1912|interval|iwngdweptw
END|1913|interval|bdkmascigd
BEGIN|1914|interval;data|qjvwszvtkc;BOOT
END|1915|interval|qjvwszvtkc
BEGIN|1916|interval;data|eidgqobqmi;BOOT
BEGIN|1917|interval;data|loajiuubdg;INS_FAIL
END|1918|interval|eidgqobqmi
BEGIN|1919|interval;data|eumnrfrmoq;DL_IMAGE
END|1920|interval|eumnrfrmoq
BEGIN|1921|interval;data|syfucrwowi;BOOT
END|1922|interval|syfucrwowi
BEGIN|1923|interval;data|pzmlrskrqq;BOOT
END|1924|interval|pzmlrskrqq
END|1925|interval|loajiuubdg
BEGIN|1926|interval;data|jwrgbebeso;DL_IMAGE
END|1927|interval|jwrgbebeso
BEGIN|1928|interval;data|bzlynndled;BOOT
END|1929|interval|bzlynndled
BEGIN|1930|interval;data|lklwsumukb;INS_ON
END|1931|interval|lklwsumukb
BEGIN|1932|interval;data|ehalnzxcau;BOOT
END|1933|interval|ehalnzxcau
BEGIN|1934|interval;data|ojgdhoxbge;DL_IMAGE
BEGIN|1935|interval;data|weoeqjisov;DL_IMAGE
BEGIN|1936|interval;data|irqxtbowoy;INS_RECOVER
END|1937|interval|ojgdhoxbge
BEGIN|1938|interval;data|jjwzwdewbr;BOOT
END|1939|interval|jjwzwdewbr
BEGIN|1940|interval;data|cyuwxfsxwm;BOOT
END|1941|interval|cyuwxfsxwm
BEGIN|1942|interval;data|gwrrxlehtc;DL_IMAGE
END|1943|interval|gwrrxlehtc
BEGIN|1944|interval;data|waxommhxzb;BOOT
END|1945|interval|waxommhxzb
END|1946|interval|mtdrcbqtir
BEGIN|1947|interval;data|frvaxwieqq;DL_FAIL
END|1948|interval|frvaxwieqq
BEGIN|1949|interval;data|iwpukjtabt;DL_ARMPRM
END|1950|interval|iwpukjtabt
END|1951|interval|irqxtbowoy
BEGIN|1952|interval;data|ldnvhtltev;INS_ON
BEGIN|1953|interval;data|vnphrsjeag;INS_FAIL
BEGIN|1954|interval;data|oerpqzrlrk;DL_FAIL
END|1955|interval|vnphrsjeag
BEGIN|1956|interval;data|rlqjuukvfa;INS_ON
END|1957|interval|rlqjuukvfa
END|1958|interval|ldnvhtltev
END|1959|interval|oerpqzrlrk
BEGIN|1960|interval;data|lbowqjbxkg;INS_RECOVER
END|1961|interval|lbowqjbxkg
BEGIN|1962|interval;data|zkbatcidls;DL_ARMPRM
END|1963|interval|zkbatcidls
BEGIN|1964|interval;data|zldnujavxb;GET_CAMDATA
BEGIN|1965|interval;data|llecxweqzj;STARVE
END|1966|interval|llecxweqzj
BEGIN|1967|interval;data|wnlwruujsw;DL_FAIL
END|1968|interval|wnlwruujsw
BEGIN|1969|interval;data|xwabvcfhgl;DL_ARMPRM
END|1970|interval|zldnujavxb
END|1971|interval|xwabvcfhgl
BEGIN|1972|interval;data|geoytqbgaa;DL_FAIL
END|1973|interval|geoytqbgaa
BEGIN|1974|interval;data|pbyyfmqapg;DL_ARMPRM
BEGIN|1975|interval;data|tiomhoevsj;DL_IMAGE
END|1976|interval|pbyyfmqapg
BEGIN|1977|interval;data|uuqdpvfvqy;DL_FAIL
END|1978|interval|uuqdpvfvqy
END|1979|interval|weoeqjisov
BEGIN|1980|interval;data|wessfffshz;INS_ON
END|1981|interval|wessfffshz
END|1982|interval|tiomhoevsj
BEGIN|1983|interval;data|hisxxtajgr;INS_FAIL
END|1984|interval|hisxxtajgr
BEGIN|1985|interval;data|ybwnnunhge;INS_RECOVER
END|1986|interval|ybwnnunhge
BEGIN|1987|interval;data|jafetaovzv;GET_CAMDATA
BEGIN|1988|interval;data|vnghjucnle;STARVE
BEGIN|1989|interval;data|uqvsoobkpg;INS_ON
END|1990|interval|jafetaovzv
END|1991|interval|vnghjucnle
END|1992|interval|uqvsoobkpg
BEGIN|1993|interval;data|psimjszfqt;INS_ON
END|1994|interval|psimjszfqt
BEGIN|1995|interval;data|jldwcartkv;INS_FAIL
END|1996|interval|jldwcartkv
BEGIN|1997|interval;data|gpgwcylkcu;INS_RECOVER
END|1998|interval|gpgwcylkcu
BEGIN|1999|interval;data|ccggebvvte;INS_ON
END|2000|interval|ccggebvvte
