BEGIN|1|interval;data|virteyspeh;DL_IMAGE
BEGIN|2|interval;data|lvnlcsanrt;DL_MOBPRM
END|3|interval|lvnlcsanrt
BEGIN|4|interval;data|nkascyyppd;DL_ARMPRM
END|5|interval|nkascyyppd
BEGIN|6|interval;data|fvkarntoor;DL_FAIL
END|7|interval|fvkarntoor
END|8|interval|virteyspeh
BEGIN|9|interval;data|phusjmxyaj;INS_ON
END|10|interval|phusjmxyaj
BEGIN|11|interval;data|mtusmfpfgs;INS_FAIL
BEGIN|12|interval;data|hhswpcefwg;INS_RECOVER
END|13|interval|hhswpcefwg
BEGIN|14|interval;data|zdtcdvsaip;GET_CAMDATA
END|15|interval|mtusmfpfgs
BEGIN|16|interval;data|zzxgopmafw;DL_ARMPRM
END|17|interval|zdtcdvsaip
BEGIN|18|interval;data|ucaqjiduwj;STARVE
BEGIN|19|interval;data|yrwymhvbcq;DL_FAIL
END|20|interval|yrwymhvbcq
END|21|interval|ucaqjiduwj
BEGIN|22|interval;data|rvomfxdsoc;BOOT
END|23|interval|rvomfxdsoc
BEGIN|24|interval;data|kaqhenwjsx;DL_IMAGE
END|25|interval|kaqhenwjsx
BEGIN|26|interval;data|uifncyaudo;DL_MOBPRM
END|27|interval|uifncyaudo
BEGIN|28|interval;data|dvhbiuifcl;DL_ARMPRM
BEGIN|29|interval;data|xhqbhuuovh;DL_FAIL
BEGIN|30|interval;data|wkczkcealc;INS_ON
END|31|interval|wkczkcealc
BEGIN|32|interval;data|xuogfdyyup;INS_FAIL
END|33|interval|dvhbiuifcl
END|34|interval|xhqbhuuovh
BEGIN|35|interval;data|oqduusnqsp;INS_RECOVER
END|36|interval|oqduusnqsp
BEGIN|37|interval;data|qicusrfnkv;GET_CAMDATA
END|38|interval|xuogfdyyup
END|39|interval|qicusrfnkv
BEGIN|40|interval;data|upepulflzt;STARVE
BEGIN|41|interval;data|dgtgpydiij;BOOT
END|42|interval|dgtgpydiij
BEGIN|43|interval;data|qwkyagbwsn;DL_IMAGE
END|44|interval|qwkyagbwsn
BEGIN|45|interval;data|hdscncryna;DL_MOBPRM
END|46|interval|upepulflzt
BEGIN|47|interval;data|vvxuwazopi;DL_ARMPRM
BEGIN|48|interval;data|csycrqltfs;DL_FAIL
END|49|interval|hdscncryna
END|50|interval|zzxgopmafw
END|51|interval|csycrqltfs
BEGIN|52|interval;data|oicmxpqkzy;INS_ON
END|53|interval|oicmxpqkzy
END|54|interval|vvxuwazopi
BEGIN|55|interval;data|tnpcxuchgw;INS_FAIL
BEGIN|56|interval;data|zsmmzysnyp;INS_RECOVER
END|57|interval|tnpcxuchgw
BEGIN|58|interval;data|jgkygxzmhu;GET_CAMDATA
BEGIN|59|interval;data|sxmtztgylr;STARVE
END|60|interval|sxmtztgylr
END|61|interval|jgkygxzmhu
BEGIN|62|interval;data|popvkjloub;BOOT
END|63|interval|zsmmzysnyp
BEGIN|64|interval;data|gujlmnzwjb;DL_IMAGE
BEGIN|65|interval;data|pflytuuagu;DL_MOBPRM
END|66|interval|popvkjloub
END|67|interval|gujlmnzwjb
END|68|interval|pflytuuagu
BEGIN|69|interval;data|nyegthcice;DL_ARMPRM
BEGIN|70|interval;data|choyahikgw;DL_FAIL
BEGIN|71|interval;data|xlcgwbcqmw;INS_ON
END|72|interval|xlcgwbcqmw
BEGIN|73|interval;data|jacupvmtvs;INS_FAIL
END|74|interval|nyegthcice
BEGIN|75|interval;data|tscycfqlod;INS_RECOVER
END|76|interval|choyahikgw
BEGIN|77|interval;data|hrjtglajym;GET_CAMDATA
END|78|interval|jacupvmtvs
END|79|interval|hrjtglajym
BEGIN|80|interval;data|wmigrxxxha;STARVE
END|81|interval|tscycfqlod
BEGIN|82|interval;data|zcufsaipbn;BOOT
END|83|interval|zcufsaipbn
BEGIN|84|interval;data|qcblwhlhlg;DL_IMAGE
END|85|interval|wmigrxxxha
BEGIN|86|interval;data|xuozfkoekf;DL_MOBPRM
END|87|interval|qcblwhlhlg
END|88|interval|xuozfkoekf
BEGIN|89|interval;data|zisfruticy;DL_ARMPRM
END|90|interval|zisfruticy
BEGIN|91|interval;data|ztvltxgwoy;INS_ON
BEGIN|92|interval;data|mekvsyjrth;DL_FAIL
END|93|interval|mekvsyjrth
BEGIN|94|interval;data|jdrhipyzqc;INS_ON
BEGIN|95|interval;data|hauiswttop;INS_FAIL
END|96|interval|hauiswttop
BEGIN|97|interval;data|vzhwcbevxu;INS_RECOVER
END|98|interval|jdrhipyzqc
END|99|interval|vzhwcbevxu
BEGIN|100|interval;data|ozrqlovleo;GET_CAMDATA
BEGIN|101|interval;data|gaqhoswnzz;STARVE
BEGIN|102|interval;data|jnjneulafa;DL_IMAGE
BEGIN|103|interval;data|ybqycgwzzm;BOOT
END|104|interval|ozrqlovleo
END|105|interval|ybqycgwzzm
BEGIN|106|interval;data|tvszxtsxpl;DL_IMAGE
BEGIN|107|interval;data|tjajcmdnmi;DL_MOBPRM
END|108|interval|tjajcmdnmi
END|109|interval|gaqhoswnzz
END|110|interval|tvszxtsxpl
BEGIN|111|interval;data|yaffmibvda;DL_ARMPRM
BEGIN|112|interval;data|oldhqveqbc;DL_FAIL
END|113|interval|oldhqveqbc
BEGIN|114|interval;data|dolzegdlzp;INS_ON
END|115|interval|dolzegdlzp
END|116|interval|yaffmibvda
BEGIN|117|interval;data|tikablanwx;INS_FAIL
BEGIN|118|interval;data|begjuotzwv;GET_CAMDATA
BEGIN|119|interval;data|ncfvepdgys;STARVE
BEGIN|120|interval;data|toarkcbctc;INS_RECOVER
END|121|interval|ncfvepdgys
END|122|interval|tikablanwx
BEGIN|123|interval;data|hxbqljujwo;GET_CAMDATA
BEGIN|124|interval;data|sdkynrozwd;STARVE
BEGIN|125|interval;data|ytitaanjfv;BOOT
END|126|interval|begjuotzwv
END|127|interval|toarkcbctc
BEGIN|128|interval;data|qphbmeedfn;DL_IMAGE
END|129|interval|hxbqljujwo
BEGIN|130|interval;data|gqwvjjoexo;DL_ARMPRM
END|131|interval|sdkynrozwd
END|132|interval|ytitaanjfv
BEGIN|133|interval;data|eksjzyuxlb;DL_MOBPRM
BEGIN|134|interval;data|fyfziywwym;DL_ARMPRM
END|135|interval|jnjneulafa
END|136|interval|fyfziywwym
BEGIN|137|interval;data|mzbuciiqxq;DL_FAIL
END|138|interval|qphbmeedfn
END|139|interval|eksjzyuxlb
BEGIN|140|interval;data|zjohauwcbr;INS_ON
BEGIN|141|interval;data|cfttsfucpn;INS_FAIL
END|142|interval|zjohauwcbr
BEGIN|143|interval;data|ifwjdadsyh;INS_RECOVER
END|144|interval|mzbuciiqxq
END|145|interval|ifwjdadsyh
BEGIN|146|interval;data|pqhfmdwwjn;GET_CAMDATA
END|147|interval|cfttsfucpn
BEGIN|148|interval;data|gvcaomiejb;STARVE
END|149|interval|gvcaomiejb
BEGIN|150|interval;data|pfhfzvaqjw;BOOT
END|151|interval|pfhfzvaqjw
BEGIN|152|interval;data|diqhsdppvt;BOOT
BEGIN|153|interval;data|jcmqyhdqbz;DL_IMAGE
BEGIN|154|interval;data|uvfueeaxbg;DL_IMAGE
END|155|interval|pqhfmdwwjn
BEGIN|156|interval;data|dlemkuuroo;DL_MOBPRM
END|157|interval|ztvltxgwoy
BEGIN|158|interval;data|isrjyfddow;DL_ARMPRM
BEGIN|159|interval;data|rwuirnnnyu;INS_FAIL
END|160|interval|rwuirnnnyu
BEGIN|161|interval;data|wfigxpvksf;DL_IMAGE
END|162|interval|wfigxpvksf
BEGIN|163|interval;data|gfxcbmeuga;GET_CAMDATA
BEGIN|164|interval;data|bnfddguvdt;STARVE
BEGIN|165|interval;data|eucqrrgpbp;INS_ON
END|166|interval|bnfddguvdt
END|167|interval|gfxcbmeuga
END|168|interval|eucqrrgpbp
END|169|interval|dlemkuuroo
BEGIN|170|interval;data|zolfvlseet;DL_FAIL
BEGIN|171|interval;data|miumrgfcjp;INS_ON
BEGIN|172|interval;data|kdjkxcdhzk;INS_FAIL
BEGIN|173|interval;data|fkuirenxah;INS_RECOVER
END|174|interval|kdjkxcdhzk
BEGIN|175|interval;data|dvevyktptn;INS_ON
END|176|interval|dvevyktptn
END|177|interval|miumrgfcjp
END|178|interval|fkuirenxah
BEGIN|179|interval;data|zbwyukdkse;INS_RECOVER
END|180|interval|zbwyukdkse
END|181|interval|jcmqyhdqbz
END|182|interval|diqhsdppvt
BEGIN|183|interval;data|pvudridted;INS_ON
END|184|interval|zolfvlseet
BEGIN|185|interval;data|jekmrmhbxf;INS_FAIL
END|186|interval|jekmrmhbxf
END|187|interval|isrjyfddow
END|188|interval|uvfueeaxbg
END|189|interval|pvudridted
END|190|interval|gqwvjjoexo
BEGIN|191|interval;data|cpdjpsjldu;DL_FAIL
END|192|interval|cpdjpsjldu
BEGIN|193|interval;data|royxenvjig;BOOT
BEGIN|194|interval;data|zegjyzfdni;INS_RECOVER
END|195|interval|royxenvjig
BEGIN|196|interval;data|xepttexbfi;BOOT
END|197|interval|xepttexbfi
BEGIN|198|interval;data|xkqetiwztw;BOOT
BEGIN|199|interval;data|kfuvapjonm;GET_CAMDATA
END|200|interval|xkqetiwztw
BEGIN|201|interval;data|qykqcaltio;DL_IMAGE
END|202|interval|zegjyzfdni
END|203|interval|qykqcaltio
BEGIN|204|interval;data|lgfauuyoql;STARVE
END|205|interval|lgfauuyoql
BEGIN|206|interval;data|qctxsfkzjy;BOOT
BEGIN|207|interval;data|xwzhsctxtf;DL_IMAGE
END|208|interval|kfuvapjonm
BEGIN|209|interval;data|foyhfwmrhx;DL_MOBPRM
BEGIN|210|interval;data|bcfdzvbnep;DL_ARMPRM
END|211|interval|qctxsfkzjy
END|212|interval|xwzhsctxtf
BEGIN|213|interval;data|eejkrilvrl;DL_FAIL
BEGIN|214|interval;data|ztjeftnbmu;INS_ON
BEGIN|215|interval;data|ckrdmemxgp;BOOT
END|216|interval|foyhfwmrhx
END|217|interval|bcfdzvbnep
END|218|interval|eejkrilvrl
BEGIN|219|interval;data|vclcqfonme;DL_IMAGE
BEGIN|220|interval;data|jmdfiilxvt;INS_FAIL
BEGIN|221|interval;data|rflnhxpvbh;INS_RECOVER
END|222|interval|ztjeftnbmu
END|223|interval|jmdfiilxvt
BEGIN|224|interval;data|xqiopdrkut;GET_CAMDATA
END|225|interval|rflnhxpvbh
BEGIN|226|interval;data|ptimftmhrl;STARVE
END|227|interval|ckrdmemxgp
BEGIN|228|interval;data|adrnfgyruu;BOOT
BEGIN|229|interval;data|oomghfpndz;DL_IMAGE
END|230|interval|xqiopdrkut
BEGIN|231|interval;data|vdakidbrcc;DL_MOBPRM
END|232|interval|ptimftmhrl
END|233|interval|adrnfgyruu
BEGIN|234|interval;data|bztqvyiqhe;DL_ARMPRM
END|235|interval|oomghfpndz
END|236|interval|bztqvyiqhe
BEGIN|237|interval;data|jhemqymgnm;DL_FAIL
BEGIN|238|interval;data|ldtjbjyncs;INS_ON
END|239|interval|vdakidbrcc
BEGIN|240|interval;data|krqfnmbapg;INS_FAIL
END|241|interval|jhemqymgnm
BEGIN|242|interval;data|pcsdzgkxvy;INS_RECOVER
END|243|interval|ldtjbjyncs
END|244|interval|krqfnmbapg
BEGIN|245|interval;data|ogqfavklwt;GET_CAMDATA
BEGIN|246|interval;data|txmukctffq;STARVE
END|247|interval|txmukctffq
BEGIN|248|interval;data|lgqufjdrax;BOOT
END|249|interval|pcsdzgkxvy
END|250|interval|ogqfavklwt
END|251|interval|lgqufjdrax
BEGIN|252|interval;data|zokgthqxeb;DL_IMAGE
END|253|interval|zokgthqxeb
BEGIN|254|interval;data|dwxyodjhwf;DL_MOBPRM
END|255|interval|dwxyodjhwf
BEGIN|256|interval;data|lpgukwpvoq;DL_ARMPRM
BEGIN|257|interval;data|rrpzwlvyvy;DL_FAIL
END|258|interval|rrpzwlvyvy
BEGIN|259|interval;data|csluswdmle;INS_ON
END|260|interval|csluswdmle
BEGIN|261|interval;data|tvehmqxjqg;DL_IMAGE
BEGIN|262|interval;data|yuwpdzswzz;INS_FAIL
END|263|interval|lpgukwpvoq
BEGIN|264|interval;data|ulswqlcdzp;INS_RECOVER
END|265|interval|ulswqlcdzp
BEGIN|266|interval;data|fzeffsqthk;GET_CAMDATA
END|267|interval|fzeffsqthk
END|268|interval|yuwpdzswzz
BEGIN|269|interval;data|hplscrmsbd;STARVE
BEGIN|270|interval;data|jjgenhuvaa;DL_ARMPRM
END|271|interval|hplscrmsbd
BEGIN|272|interval;data|rgkrxacbxx;BOOT
BEGIN|273|interval;data|dpridlzkts;DL_IMAGE
BEGIN|274|interval;data|ghhwkuvbvc;GET_CAMDATA
END|275|interval|dpridlzkts
BEGIN|276|interval;data|tybrkrrzbv;STARVE
BEGIN|277|interval;data|wsagzdgldp;DL_MOBPRM
END|278|interval|rgkrxacbxx
END|279|interval|tybrkrrzbv
BEGIN|280|interval;data|hnapmopaoq;DL_ARMPRM
END|281|interval|hnapmopaoq
END|282|interval|ghhwkuvbvc
BEGIN|283|interval;data|rbinrskxri;DL_FAIL
END|284|interval|wsagzdgldp
BEGIN|285|interval;data|ojtlnbjvsn;INS_ON
END|286|interval|tvehmqxjqg
BEGIN|287|interval;data|lokwtdumby;INS_FAIL
END|288|interval|rbinrskxri
BEGIN|289|interval;data|jzyshukawy;INS_RECOVER
END|290|interval|ojtlnbjvsn
END|291|interval|lokwtdumby
END|292|interval|jzyshukawy
BEGIN|293|interval;data|hxqojztaqa;GET_CAMDATA
BEGIN|294|interval;data|yekvaayhkk;STARVE
BEGIN|295|interval;data|xspovtjzah;DL_IMAGE
BEGIN|296|interval;data|psmltmvovj;BOOT
END|297|interval|hxqojztaqa
BEGIN|298|interval;data|jznqouglvj;DL_FAIL
END|299|interval|jznqouglvj
END|300|interval|xspovtjzah
BEGIN|301|interval;data|hdcwkwwnhc;DL_IMAGE
END|302|interval|yekvaayhkk
BEGIN|303|interval;data|tdlkpvpynh;DL_MOBPRM
END|304|interval|tdlkpvpynh
BEGIN|305|interval;data|vfgnmkinyi;DL_ARMPRM
BEGIN|306|interval;data|kyfkxlptrf;INS_ON
END|307|interval|psmltmvovj
END|308|interval|hdcwkwwnhc
END|309|interval|vfgnmkinyi
BEGIN|310|interval;data|qwvmcfufcc;DL_FAIL
BEGIN|311|interval;data|mudrzwyhsi;INS_ON
BEGIN|312|interval;data|upijqgdaff;INS_FAIL
END|313|interval|qwvmcfufcc
END|314|interval|mudrzwyhsi
END|315|interval|upijqgdaff
BEGIN|316|interval;data|gjlawucdwe;INS_RECOVER
BEGIN|317|interval;data|dhnsxijflh;GET_CAMDATA
BEGIN|318|interval;data|rqnovwxjwy;STARVE
END|319|interval|dhnsxijflh
BEGIN|320|interval;data|wzgczcqijg;GET_CAMDATA
END|321|interval|kyfkxlptrf
BEGIN|322|interval;data|buzftccwbm;BOOT
END|323|interval|gjlawucdwe
END|324|interval|buzftccwbm
BEGIN|325|interval;data|vbjgrzjqdq;DL_IMAGE
BEGIN|326|interval;data|athivlwsed;STARVE
END|327|interval|rqnovwxjwy
BEGIN|328|interval;data|namzpmuxbm;DL_MOBPRM
END|329|interval|vbjgrzjqdq
BEGIN|330|interval;data|tfndxjpmbv;DL_ARMPRM
END|331|interval|tfndxjpmbv
END|332|interval|athivlwsed
END|333|interval|wzgczcqijg
BEGIN|334|interval;data|ssomwrtxif;DL_FAIL
END|335|interval|namzpmuxbm
END|336|interval|ssomwrtxif
BEGIN|337|interval;data|kcqmabuoml;INS_ON
END|338|interval|kcqmabuoml
BEGIN|339|interval;data|khdbglwcnh;INS_FAIL
BEGIN|340|interval;data|reytpqypxd;INS_FAIL
END|341|interval|reytpqypxd
END|342|interval|vclcqfonme
BEGIN|343|interval;data|orhoqrdjut;INS_RECOVER
END|344|interval|khdbglwcnh
BEGIN|345|interval;data|bhztedrtvl;DL_IMAGE
BEGIN|346|interval;data|etwqnipjrr;INS_ON
END|347|interval|etwqnipjrr
BEGIN|348|interval;data|jokahjkvwn;GET_CAMDATA
BEGIN|349|interval;data|faejmgdkic;STARVE
BEGIN|350|interval;data|aczcrhzile;INS_ON
BEGIN|351|interval;data|bvcpuusqec;INS_FAIL
BEGIN|352|interval;data|xrbqsuxboa;INS_RECOVER
END|353|interval|bvcpuusqec
BEGIN|354|interval;data|skgndzwues;INS_ON
END|355|interval|skgndzwues
END|356|interval|aczcrhzile
END|357|interval|xrbqsuxboa
BEGIN|358|interval;data|gunkfabrtm;INS_RECOVER
END|359|interval|gunkfabrtm
END|360|interval|orhoqrdjut
END|361|interval|faejmgdkic
BEGIN|362|interval;data|hkrgkjyzdq;BOOT
BEGIN|363|interval;data|bnxvshskoc;DL_IMAGE
END|364|interval|jokahjkvwn
BEGIN|365|interval;data|wpmdsmzvny;DL_MOBPRM
END|366|interval|bnxvshskoc
END|367|interval|wpmdsmzvny
BEGIN|368|interval;data|iivcpdawlu;DL_ARMPRM
END|369|interval|hkrgkjyzdq
END|370|interval|iivcpdawlu
BEGIN|371|interval;data|abirnankmi;DL_FAIL
BEGIN|372|interval;data|vppnninoml;INS_ON
BEGIN|373|interval;data|fueowzmrvh;INS_ON
END|374|interval|abirnankmi
BEGIN|375|interval;data|gqguekciox;INS_FAIL
BEGIN|376|interval;data|cmcntzqudf;INS_RECOVER
BEGIN|377|interval;data|muwcqmysmp;DL_ARMPRM
BEGIN|378|interval;data|kgetsgtpis;GET_CAMDATA
END|379|interval|jjgenhuvaa
END|380|interval|vppnninoml
END|381|interval|cmcntzqudf
BEGIN|382|interval;data|naijjtzkwx;STARVE
END|383|interval|muwcqmysmp
BEGIN|384|interval;data|vlqpbjiqnu;BOOT
END|385|interval|naijjtzkwx
END|386|interval|gqguekciox
BEGIN|387|interval;data|mkfmyjlaow;BOOT
BEGIN|388|interval;data|xnojrtcnrd;DL_FAIL
END|389|interval|mkfmyjlaow
END|390|interval|xnojrtcnrd
BEGIN|391|interval;data|fsmpnrlbej;DL_IMAGE
END|392|interval|fsmpnrlbej
END|393|interval|kgetsgtpis
BEGIN|394|interval;data|hfqyfpavgr;DL_MOBPRM
END|395|interval|hfqyfpavgr
END|396|interval|vlqpbjiqnu
BEGIN|397|interval;data|fsvybodapp;DL_ARMPRM
BEGIN|398|interval;data|yjxayxcmaj;DL_FAIL
BEGIN|399|interval;data|imcvjgxmig;INS_ON
BEGIN|400|interval;data|kkjmivxbud;BOOT
END|401|interval|imcvjgxmig
END|402|interval|kkjmivxbud
BEGIN|403|interval;data|labsxsnkcn;BOOT
BEGIN|404|interval;data|xshxqfpmrj;INS_FAIL
END|405|interval|labsxsnkcn
BEGIN|406|interval;data|frbmjhupcy;DL_IMAGE
END|407|interval|fsvybodapp
BEGIN|408|interval;data|bvvrdpqcos;BOOT
END|409|interval|frbmjhupcy
BEGIN|410|interval;data|hrcyxmwwvi;INS_RECOVER
END|411|interval|yjxayxcmaj
BEGIN|412|interval;data|alwtzvjtjz;GET_CAMDATA
END|413|interval|hrcyxmwwvi
BEGIN|414|interval;data|bvvmikebye;STARVE
END|415|interval|xshxqfpmrj
END|416|interval|fueowzmrvh
BEGIN|417|interval;data|qqxbfxcmok;BOOT
BEGIN|418|interval;data|ymekmbpsbx;DL_IMAGE
BEGIN|419|interval;data|ailexdihow;GET_CAMDATA
END|420|interval|alwtzvjtjz
BEGIN|421|interval;data|lehsmuhszl;DL_MOBPRM
END|422|interval|bvvmikebye
END|423|interval|ymekmbpsbx
BEGIN|424|interval;data|egcodravay;DL_ARMPRM
END|425|interval|egcodravay
BEGIN|426|interval;data|cbkkgkoqnn;STARVE
END|427|interval|qqxbfxcmok
END|428|interval|lehsmuhszl
BEGIN|429|interval;data|fuyvtsnmrx;DL_FAIL
BEGIN|430|interval;data|zgwwljycjq;INS_ON
END|431|interval|fuyvtsnmrx
BEGIN|432|interval;data|orsiiyqlqd;INS_FAIL
END|433|interval|zgwwljycjq
END|434|interval|orsiiyqlqd
END|435|interval|cbkkgkoqnn
BEGIN|436|interval;data|thlrguzmxc;INS_RECOVER
END|437|interval|thlrguzmxc
BEGIN|438|interval;data|xbxhokqwts;GET_CAMDATA
END|439|interval|ailexdihow
BEGIN|440|interval;data|srunvfbnse;STARVE
END|441|interval|srunvfbnse
BEGIN|442|interval;data|jwnsaevkcs;BOOT
BEGIN|443|interval;data|marotblvlk;DL_IMAGE
END|444|interval|xbxhokqwts
BEGIN|445|interval;data|njdwhfrhzh;DL_ARMPRM
BEGIN|446|interval;data|ojrvtregfg;DL_MOBPRM
END|447|interval|jwnsaevkcs
END|448|interval|marotblvlk
END|449|interval|ojrvtregfg
BEGIN|450|interval;data|fppsedbzqk;DL_ARMPRM
END|451|interval|fppsedbzqk
BEGIN|452|interval;data|vyfauyuwnt;DL_FAIL
END|453|interval|vyfauyuwnt
BEGIN|454|interval;data|rhqvvlexfu;INS_ON
END|455|interval|rhqvvlexfu
BEGIN|456|interval;data|mztjlecmnf;INS_FAIL
BEGIN|457|interval;data|nrvcirejgm;INS_RECOVER
END|458|interval|bhztedrtvl
END|459|interval|nrvcirejgm
BEGIN|460|interval;data|vlacgpaqzi;GET_CAMDATA
END|461|interval|mztjlecmnf
BEGIN|462|interval;data|atfwnlkafc;STARVE
BEGIN|463|interval;data|smvdnfhfxg;BOOT
END|464|interval|vlacgpaqzi
END|465|interval|smvdnfhfxg
BEGIN|466|interval;data|rbsxjfwjeo;DL_IMAGE
END|467|interval|rbsxjfwjeo
END|468|interval|atfwnlkafc
BEGIN|469|interval;data|mjehbzvaml;DL_MOBPRM
BEGIN|470|interval;data|oxqblsmsyg;DL_ARMPRM
END|471|interval|mjehbzvaml
BEGIN|472|interval;data|wxvxjjbwwn;DL_FAIL
END|473|interval|wxvxjjbwwn
BEGIN|474|interval;data|iqanrijvmz;INS_ON
BEGIN|475|interval;data|qwvbqudejx;INS_FAIL
BEGIN|476|interval;data|rpkemnpmey;DL_IMAGE
END|477|interval|qwvbqudejx
END|478|interval|oxqblsmsyg
BEGIN|479|interval;data|fwiqhfgfdp;INS_RECOVER
END|480|interval|rpkemnpmey
BEGIN|481|interval;data|qywuiwkhsy;GET_CAMDATA
END|482|interval|iqanrijvmz
BEGIN|483|interval;data|wkgxkfofkx;STARVE
END|484|interval|fwiqhfgfdp
BEGIN|485|interval;data|novbbynlno;DL_FAIL
END|486|interval|qywuiwkhsy
BEGIN|487|interval;data|bspjmxucbi;BOOT
BEGIN|488|interval;data|wpyuvjvpuf;DL_IMAGE
BEGIN|489|interval;data|ivsvvebswc;DL_MOBPRM
END|490|interval|wkgxkfofkx
BEGIN|491|interval;data|zxjlxbofre;INS_FAIL
END|492|interval|zxjlxbofre
END|493|interval|bspjmxucbi
BEGIN|494|interval;data|qejwtzadwn;GET_CAMDATA
END|495|interval|novbbynlno
BEGIN|496|interval;data|gaxugjkfib;STARVE
END|497|interval|wpyuvjvpuf
END|498|interval|gaxugjkfib
END|499|interval|qejwtzadwn
BEGIN|500|interval;data|ijftfxetvx;INS_ON
END|501|interval|ivsvvebswc
END|502|interval|ijftfxetvx
BEGIN|503|interval;data|pzwzmqbmgk;DL_ARMPRM
BEGIN|504|interval;data|gogpbvfrtj;DL_FAIL
END|505|interval|pzwzmqbmgk
BEGIN|506|interval;data|oxbawdsrko;INS_ON
BEGIN|507|interval;data|jyxmmfmuef;INS_FAIL
BEGIN|508|interval;data|zjfaoxmyjb;INS_RECOVER
END|509|interval|gogpbvfrtj
BEGIN|510|interval;data|atdivcfour;INS_RECOVER
END|511|interval|jyxmmfmuef
BEGIN|512|interval;data|qlgghicyqp;GET_CAMDATA
END|513|interval|qlgghicyqp
END|514|interval|oxbawdsrko
BEGIN|515|interval;data|qbpetvnjat;STARVE
END|516|interval|zjfaoxmyjb
BEGIN|517|interval;data|xhgaajxqsj;BOOT
END|518|interval|qbpetvnjat
BEGIN|519|interval;data|yzjjdunnkm;DL_IMAGE
END|520|interval|yzjjdunnkm
BEGIN|521|interval;data|rsrlytyosq;DL_MOBPRM
END|522|interval|rsrlytyosq
BEGIN|523|interval;data|rtlfllnnva;INS_ON
END|524|interval|atdivcfour
END|525|interval|xhgaajxqsj
BEGIN|526|interval;data|axbzeuyzsq;INS_FAIL
BEGIN|527|interval;data|bpwmyjrldp;DL_ARMPRM
BEGIN|528|interval;data|heudnwdrwk;DL_FAIL
END|529|interval|bpwmyjrldp
END|530|interval|axbzeuyzsq
BEGIN|531|interval;data|unpgyyexrb;INS_ON
END|532|interval|unpgyyexrb
END|533|interval|rtlfllnnva
BEGIN|534|interval;data|ntmmxziwaa;INS_ON
BEGIN|535|interval;data|untqfnnkrg;INS_RECOVER
END|536|interval|untqfnnkrg
END|537|interval|ntmmxziwaa
BEGIN|538|interval;data|qiqiriwrvo;INS_FAIL
BEGIN|539|interval;data|squnospawz;INS_RECOVER
END|540|interval|heudnwdrwk
BEGIN|541|interval;data|mpobstxreu;GET_CAMDATA
END|542|interval|mpobstxreu
BEGIN|543|interval;data|ixjpthsxvr;STARVE
END|544|interval|ixjpthsxvr
END|545|interval|qiqiriwrvo
BEGIN|546|interval;data|drbgtaoxuk;BOOT
BEGIN|547|interval;data|dijkuvpyof;DL_IMAGE
BEGIN|548|interval;data|ridurunaat;GET_CAMDATA
END|549|interval|drbgtaoxuk
END|550|interval|squnospawz
BEGIN|551|interval;data|saapavukot;DL_IMAGE
BEGIN|552|interval;data|qrsldhasel;STARVE
BEGIN|553|interval;data|izglzdrxor;DL_MOBPRM
END|554|interval|saapavukot
END|555|interval|qrsldhasel
END|556|interval|izglzdrxor
BEGIN|557|interval;data|bqtxnoxaua;DL_ARMPRM
END|558|interval|ridurunaat
BEGIN|559|interval;data|iuknjarfch;DL_IMAGE
END|560|interval|bqtxnoxaua
BEGIN|561|interval;data|upzoqiuycn;DL_FAIL
BEGIN|562|interval;data|edujectfqw;INS_ON
BEGIN|563|interval;data|wzopilhdpn;INS_FAIL
END|564|interval|wzopilhdpn
END|565|interval|upzoqiuycn
BEGIN|566|interval;data|ckslryhxba;INS_RECOVER
END|567|interval|edujectfqw
END|568|interval|ckslryhxba
END|569|interval|bvvrdpqcos
BEGIN|570|interval;data|rnqvzqivec;GET_CAMDATA
BEGIN|571|interval;data|zvyftiokuz;STARVE
END|572|interval|rnqvzqivec
END|573|interval|zvyftiokuz
BEGIN|574|interval;data|lerqvgvnki;BOOT
END|575|interval|lerqvgvnki
BEGIN|576|interval;data|isaaephuie;DL_IMAGE
END|577|interval|isaaephuie
BEGIN|578|interval;data|ymdzexrsfm;DL_MOBPRM
END|579|interval|ymdzexrsfm
END|580|interval|dijkuvpyof
BEGIN|581|interval;data|fhhwvzaamt;DL_ARMPRM
BEGIN|582|interval;data|uwcoblrbtv;DL_FAIL
BEGIN|583|interval;data|cnsdqqwsui;INS_ON
END|584|interval|njdwhfrhzh
BEGIN|585|interval;data|dsyxofkves;DL_ARMPRM
END|586|interval|dsyxofkves
BEGIN|587|interval;data|zzlwewkfgd;DL_FAIL
END|588|interval|zzlwewkfgd
BEGIN|589|interval;data|impvpoaehd;INS_FAIL
END|590|interval|fhhwvzaamt
END|591|interval|uwcoblrbtv
END|592|interval|impvpoaehd
BEGIN|593|interval;data|curgyghydk;INS_RECOVER
END|594|interval|cnsdqqwsui
BEGIN|595|interval;data|oloktsxzic;GET_CAMDATA
END|596|interval|curgyghydk
BEGIN|597|interval;data|ifxwcatawf;STARVE
END|598|interval|iuknjarfch
END|599|interval|ifxwcatawf
BEGIN|600|interval;data|dkwzppjxim;BOOT
END|601|interval|oloktsxzic
BEGIN|602|interval;data|nbihitlrct;BOOT
BEGIN|603|interval;data|lixzncxhve;DL_IMAGE
BEGIN|604|interval;data|iueceseujy;DL_MOBPRM
END|605|interval|dkwzppjxim
BEGIN|606|interval;data|sdupfiuqst;BOOT
END|607|interval|lixzncxhve
BEGIN|608|interval;data|pkumgjktwk;INS_ON
BEGIN|609|interval;data|mvldcinagz;DL_IMAGE
END|610|interval|sdupfiuqst
BEGIN|611|interval;data|blmjazjyyx;BOOT
BEGIN|612|interval;data|ywhvgzjeqw;DL_ARMPRM
END|613|interval|blmjazjyyx
BEGIN|614|interval;data|nvxdsgkhck;DL_IMAGE
END|615|interval|nbihitlrct
END|616|interval|nvxdsgkhck
BEGIN|617|interval;data|mhthyfvmur;DL_FAIL
BEGIN|618|interval;data|jpmehwdqto;INS_ON
END|619|interval|iueceseujy
END|620|interval|ywhvgzjeqw
BEGIN|621|interval;data|zqwpzvippy;INS_FAIL
END|622|interval|mhthyfvmur
END|623|interval|mvldcinagz
BEGIN|624|interval;data|wwrdcutalo;INS_RECOVER
END|625|interval|jpmehwdqto
BEGIN|626|interval;data|qolzlmavpb;GET_CAMDATA
END|627|interval|zqwpzvippy
END|628|interval|wwrdcutalo
BEGIN|629|interval;data|vprtfqznta;STARVE
END|630|interval|qolzlmavpb
BEGIN|631|interval;data|chtlpnllkv;BOOT
BEGIN|632|interval;data|quqizzxusf;DL_IMAGE
END|633|interval|vprtfqznta
BEGIN|634|interval;data|ligorcdgzk;DL_MOBPRM
END|635|interval|chtlpnllkv
END|636|interval|ligorcdgzk
BEGIN|637|interval;data|wfpexkxdwu;DL_ARMPRM
END|638|interval|wfpexkxdwu
BEGIN|639|interval;data|vkieaqcgxa;DL_FAIL
END|640|interval|quqizzxusf
END|641|interval|vkieaqcgxa
BEGIN|642|interval;data|goxvtlzdfv;INS_ON
BEGIN|643|interval;data|yttdhtxhnk;INS_FAIL
BEGIN|644|interval;data|thsnnrsnia;INS_RECOVER
BEGIN|645|interval;data|esguhfzcmp;GET_CAMDATA
BEGIN|646|interval;data|efwnqwwnbv;GET_CAMDATA
END|647|interval|goxvtlzdfv
BEGIN|648|interval;data|omxbpqdqxv;STARVE
END|649|interval|yttdhtxhnk
END|650|interval|esguhfzcmp
BEGIN|651|interval;data|jdgfvxpzjp;STARVE
END|652|interval|omxbpqdqxv
BEGIN|653|interval;data|zxompjbmve;BOOT
END|654|interval|zxompjbmve
END|655|interval|thsnnrsnia
BEGIN|656|interval;data|yddifvyxnn;DL_IMAGE
BEGIN|657|interval;data|rwhwihcbrp;DL_MOBPRM
BEGIN|658|interval;data|synhqkerrj;DL_ARMPRM
END|659|interval|pkumgjktwk
END|660|interval|synhqkerrj
END|661|interval|efwnqwwnbv
END|662|interval|jdgfvxpzjp
BEGIN|663|interval;data|dlmjanbsps;DL_FAIL
END|664|interval|yddifvyxnn
BEGIN|665|interval;data|waymlbdevu;INS_ON
END|666|interval|waymlbdevu
END|667|interval|rwhwihcbrp
BEGIN|668|interval;data|lkypdcjeyq;INS_FAIL
BEGIN|669|interval;data|lzwwxhcynm;INS_RECOVER
END|670|interval|dlmjanbsps
END|671|interval|lkypdcjeyq
END|672|interval|lzwwxhcynm
BEGIN|673|interval;data|aeckamaqui;GET_CAMDATA
END|674|interval|aeckamaqui
BEGIN|675|interval;data|nmdyqpjynx;STARVE
END|676|interval|nmdyqpjynx
BEGIN|677|interval;data|eorafqvmyw;BOOT
BEGIN|678|interval;data|wjzsaarifd;INS_FAIL
BEGIN|679|interval;data|kqvxnmdheq;DL_IMAGE
END|680|interval|kqvxnmdheq
BEGIN|681|interval;data|twvcblxvlo;DL_MOBPRM
END|682|interval|eorafqvmyw
BEGIN|683|interval;data|zgsrxhates;DL_ARMPRM
END|684|interval|zgsrxhates
BEGIN|685|interval;data|vaecajauyy;DL_FAIL
BEGIN|686|interval;data|yrwkquyvne;INS_ON
END|687|interval|twvcblxvlo
BEGIN|688|interval;data|qgynicnahv;DL_ARMPRM
END|689|interval|vaecajauyy
BEGIN|690|interval;data|cwbtwrblnu;INS_FAIL
BEGIN|691|interval;data|ozrxskpdid;INS_RECOVER
END|692|interval|yrwkquyvne
END|693|interval|wjzsaarifd
BEGIN|694|interval;data|jllwvmyicg;INS_ON
END|695|interval|ozrxskpdid
BEGIN|696|interval;data|onyertfxpc;DL_IMAGE
BEGIN|697|interval;data|kmwasmzbrc;GET_CAMDATA
END|698|interval|cwbtwrblnu
END|699|interval|jllwvmyicg
END|700|interval|kmwasmzbrc
BEGIN|701|interval;data|tipqaeilhp;STARVE
BEGIN|702|interval;data|bcaskaanii;INS_RECOVER
END|703|interval|tipqaeilhp
END|704|interval|bcaskaanii
BEGIN|705|interval;data|etcaxzfwno;INS_ON
BEGIN|706|interval;data|ntmsjohoai;INS_FAIL
BEGIN|707|interval;data|upgaqnczph;BOOT
BEGIN|708|interval;data|wbyrteygij;DL_IMAGE
END|709|interval|ntmsjohoai
BEGIN|710|interval;data|nrzfjxlcuj;INS_ON
END|711|interval|nrzfjxlcuj
END|712|interval|etcaxzfwno
BEGIN|713|interval;data|bacsvzgsuh;DL_MOBPRM
BEGIN|714|interval;data|jrneqqcnsa;INS_RECOVER
END|715|interval|jrneqqcnsa
END|716|interval|upgaqnczph
END|717|interval|wbyrteygij
BEGIN|718|interval;data|nyjzclxntn;DL_ARMPRM
END|719|interval|bacsvzgsuh
END|720|interval|nyjzclxntn
BEGIN|721|interval;data|jqmptyoejy;DL_FAIL
BEGIN|722|interval;data|kxhzplmuai;INS_ON
END|723|interval|jqmptyoejy
BEGIN|724|interval;data|icvegpzgmw;INS_FAIL
END|725|interval|icvegpzgmw
END|726|interval|kxhzplmuai
BEGIN|727|interval;data|jjysfkwpng;INS_RECOVER
BEGIN|728|interval;data|olmdshrrie;GET_CAMDATA
END|729|interval|olmdshrrie
BEGIN|730|interval;data|cvorwwyktc;STARVE
END|731|interval|jjysfkwpng
BEGIN|732|interval;data|oulxhrercf;BOOT
END|733|interval|cvorwwyktc
BEGIN|734|interval;data|onsxpklclk;DL_IMAGE
BEGIN|735|interval;data|prcriemmab;DL_MOBPRM
END|736|interval|prcriemmab
END|737|interval|oulxhrercf
BEGIN|738|interval;data|yizdiiehou;DL_ARMPRM
END|739|interval|yizdiiehou
BEGIN|740|interval;data|jvrnnmjnxq;DL_FAIL
END|741|interval|onsxpklclk
BEGIN|742|interval;data|bttafdanaf;INS_ON
BEGIN|743|interval;data|jbjvogwlut;INS_FAIL
END|744|interval|jvrnnmjnxq
END|745|interval|bttafdanaf
BEGIN|746|interval;data|lwnzopqeci;INS_RECOVER
END|747|interval|jbjvogwlut
BEGIN|748|interval;data|qnffdhlxvk;GET_CAMDATA
END|749|interval|qnffdhlxvk
BEGIN|750|interval;data|bersaqjhnc;STARVE
END|751|interval|lwnzopqeci
BEGIN|752|interval;data|ziavyiubxa;BOOT
BEGIN|753|interval;data|rjapjyoiqc;GET_CAMDATA
END|754|interval|bersaqjhnc
BEGIN|755|interval;data|zyhwtyqrqa;DL_IMAGE
BEGIN|756|interval;data|pccrodvnou;DL_FAIL
BEGIN|757|interval;data|zdswojileh;STARVE
END|758|interval|zyhwtyqrqa
BEGIN|759|interval;data|gaseyfuthb;DL_MOBPRM
BEGIN|760|interval;data|uzylxxwojv;DL_ARMPRM
END|761|interval|ziavyiubxa
END|762|interval|uzylxxwojv
BEGIN|763|interval;data|pyumcmctmu;DL_FAIL
END|764|interval|gaseyfuthb
BEGIN|765|interval;data|pidppakvph;INS_ON
END|766|interval|zdswojileh
END|767|interval|pccrodvnou
BEGIN|768|interval;data|elfbeuoejt;BOOT
BEGIN|769|interval;data|chnxbmbloq;INS_FAIL
BEGIN|770|interval;data|zqhznfugba;DL_IMAGE
END|771|interval|qgynicnahv
BEGIN|772|interval;data|wlxseegmjp;INS_RECOVER
BEGIN|773|interval;data|bmuvhotitf;DL_ARMPRM
END|774|interval|pyumcmctmu
END|775|interval|bmuvhotitf
BEGIN|776|interval;data|bjpndodvkc;GET_CAMDATA
END|777|interval|pidppakvph
END|778|interval|bjpndodvkc
BEGIN|779|interval;data|spaldzthmf;INS_ON
BEGIN|780|interval;data|dpjoplhbal;DL_FAIL
END|781|interval|spaldzthmf
END|782|interval|dpjoplhbal
BEGIN|783|interval;data|jgnfswdjyt;STARVE
END|784|interval|chnxbmbloq
END|785|interval|wlxseegmjp
END|786|interval|elfbeuoejt
BEGIN|787|interval;data|pibhwmdknr;DL_ARMPRM
BEGIN|788|interval;data|avtulfijsp;BOOT
END|789|interval|avtulfijsp
BEGIN|790|interval;data|bypaqhtlkr;DL_IMAGE
END|791|interval|jgnfswdjyt
BEGIN|792|interval;data|iwxmqcodzd;DL_MOBPRM
END|793|interval|rjapjyoiqc
BEGIN|794|interval;data|ekxshchyfa;DL_FAIL
END|795|interval|iwxmqcodzd
BEGIN|796|interval;data|mcbioyetpw;DL_ARMPRM
END|797|interval|mcbioyetpw
END|798|interval|zqhznfugba
BEGIN|799|interval;data|lyxgzigdym;DL_FAIL
END|800|interval|lyxgzigdym
END|801|interval|bypaqhtlkr
BEGIN|802|interval;data|vjzocivlcz;INS_ON
BEGIN|803|interval;data|uxkdxjefva;BOOT
BEGIN|804|interval;data|dkexkxsqmb;INS_FAIL
END|805|interval|dkexkxsqmb
BEGIN|806|interval;data|cbrlqwuzuy;INS_RECOVER
BEGIN|807|interval;data|dhltbyzxxe;GET_CAMDATA
END|808|interval|vjzocivlcz
END|809|interval|cbrlqwuzuy
BEGIN|810|interval;data|ezhpakgkci;STARVE
END|811|interval|uxkdxjefva
BEGIN|812|interval;data|ivjcvnjbqj;BOOT
END|813|interval|ivjcvnjbqj
BEGIN|814|interval;data|uwwelaxsoy;BOOT
END|815|interval|dhltbyzxxe
END|816|interval|uwwelaxsoy
BEGIN|817|interval;data|qneodbwdjg;DL_IMAGE
END|818|interval|onyertfxpc
END|819|interval|ezhpakgkci
END|820|interval|qneodbwdjg
BEGIN|821|interval;data|bznuumcyxw;BOOT
BEGIN|822|interval;data|grvypltejr;DL_IMAGE
BEGIN|823|interval;data|aozisntdlz;DL_IMAGE
END|824|interval|bznuumcyxw
END|825|interval|grvypltejr
END|826|interval|aozisntdlz
BEGIN|827|interval;data|xpxucqevdm;GET_CAMDATA
BEGIN|828|interval;data|iwigberwif;STARVE
BEGIN|829|interval;data|eymghieacc;DL_MOBPRM
END|830|interval|iwigberwif
END|831|interval|xpxucqevdm
BEGIN|832|interval;data|autzggnfft;DL_ARMPRM
END|833|interval|eymghieacc
END|834|interval|autzggnfft
BEGIN|835|interval;data|zvndderiba;DL_FAIL
BEGIN|836|interval;data|iclobprorb;INS_ON
END|837|interval|zvndderiba
BEGIN|838|interval;data|oduaucrxid;INS_FAIL
END|839|interval|iclobprorb
BEGIN|840|interval;data|wtgrrtbdtt;INS_RECOVER
BEGIN|841|interval;data|junosioiuw;GET_CAMDATA
BEGIN|842|interval;data|uzzfjpgwtm;STARVE
END|843|interval|uzzfjpgwtm
END|844|interval|oduaucrxid
BEGIN|845|interval;data|mfinxzsdww;BOOT
END|846|interval|wtgrrtbdtt
BEGIN|847|interval;data|ptwxkqftvv;DL_IMAGE
END|848|interval|ptwxkqftvv
END|849|interval|junosioiuw
END|850|interval|mfinxzsdww
BEGIN|851|interval;data|ehiidnjzcv;DL_MOBPRM
BEGIN|852|interval;data|zlzzklludc;DL_ARMPRM
END|853|interval|ehiidnjzcv
BEGIN|854|interval;data|gnehaplxar;DL_FAIL
END|855|interval|zlzzklludc
BEGIN|856|interval;data|kulgvfxhpe;INS_ON
BEGIN|857|interval;data|hpoxthsuop;INS_FAIL
END|858|interval|gnehaplxar
END|859|interval|hpoxthsuop
BEGIN|860|interval;data|oyzdzxspfn;INS_RECOVER
END|861|interval|kulgvfxhpe
BEGIN|862|interval;data|gtnuiyolru;GET_CAMDATA
END|863|interval|gtnuiyolru
END|864|interval|oyzdzxspfn
BEGIN|865|interval;data|unsoyffmzs;INS_FAIL
BEGIN|866|interval;data|uvgwiwcejp;STARVE
END|867|interval|uvgwiwcejp
BEGIN|868|interval;data|lzvrlxbjdg;BOOT
END|869|interval|lzvrlxbjdg
BEGIN|870|interval;data|smdfwnhrkz;DL_IMAGE
END|871|interval|unsoyffmzs
BEGIN|872|interval;data|kspmwllbwn;INS_ON
END|873|interval|smdfwnhrkz
END|874|interval|kspmwllbwn
BEGIN|875|interval;data|mypwnxmbtj;DL_MOBPRM
BEGIN|876|interval;data|eantwagcev;DL_ARMPRM
BEGIN|877|interval;data|ibduuulcrs;INS_RECOVER
BEGIN|878|interval;data|akoicqqxik;DL_FAIL
END|879|interval|akoicqqxik
BEGIN|880|interval;data|zbpyndzdpl;INS_ON
BEGIN|881|interval;data|euankkmubg;INS_ON
BEGIN|882|interval;data|gybzrrdxvr;INS_FAIL
END|883|interval|zbpyndzdpl
END|884|interval|euankkmubg
BEGIN|885|interval;data|shaeuchdzi;DL_IMAGE
END|886|interval|gybzrrdxvr
BEGIN|887|interval;data|cpnygasmcm;GET_CAMDATA
BEGIN|888|interval;data|zbtcafmpqv;STARVE
END|889|interval|zbtcafmpqv
END|890|interval|ibduuulcrs
BEGIN|891|interval;data|znrujufejo;INS_ON
END|892|interval|cpnygasmcm
END|893|interval|znrujufejo
END|894|interval|mypwnxmbtj
END|895|interval|shaeuchdzi
END|896|interval|eantwagcev
BEGIN|897|interval;data|aroyqgyavc;INS_RECOVER
END|898|interval|aroyqgyavc
BEGIN|899|interval;data|gxgollfirl;INS_FAIL
END|900|interval|gxgollfirl
BEGIN|901|interval;data|qztoziqcrs;INS_RECOVER
END|902|interval|qztoziqcrs
BEGIN|903|interval;data|nqqreiyjax;GET_CAMDATA
BEGIN|904|interval;data|vlhwkslqym;STARVE
END|905|interval|vlhwkslqym
END|906|interval|nqqreiyjax
BEGIN|907|interval;data|lilchmuujf;BOOT
BEGIN|908|interval;data|vklmpycwkq;DL_IMAGE
END|909|interval|vklmpycwkq
BEGIN|910|interval;data|wufuxuuwln;DL_MOBPRM
END|911|interval|wufuxuuwln
BEGIN|912|interval;data|vzlqaxpcsx;DL_ARMPRM
BEGIN|913|interval;data|uadrlvmuga;BOOT
END|914|interval|vzlqaxpcsx
END|915|interval|lilchmuujf
BEGIN|916|interval;data|vywyexbrlf;DL_FAIL
BEGIN|917|interval;data|dadnlpklsv;INS_ON
BEGIN|918|interval;data|qnlhmuykvx;INS_FAIL
END|919|interval|vywyexbrlf
BEGIN|920|interval;data|awyoihcntx;INS_ON
END|921|interval|qnlhmuykvx
BEGIN|922|interval;data|bdzjmytihv;INS_RECOVER
END|923|interval|bdzjmytihv
BEGIN|924|interval;data|fbqbrounfj;DL_IMAGE
BEGIN|925|interval;data|uvaapiubdb;GET_CAMDATA
END|926|interval|dadnlpklsv
BEGIN|927|interval;data|dxuehlfhbt;STARVE
END|928|interval|dxuehlfhbt
BEGIN|929|interval;data|swmnvxbzcy;BOOT
END|930|interval|uvaapiubdb
BEGIN|931|interval;data|ayhxjgrvkq;DL_IMAGE
BEGIN|932|interval;data|gxrqluuyba;DL_MOBPRM
END|933|interval|gxrqluuyba
BEGIN|934|interval;data|jdfusojdth;DL_ARMPRM
END|935|interval|jdfusojdth
END|936|interval|swmnvxbzcy
BEGIN|937|interval;data|xonszqrhom;DL_FAIL
END|938|interval|xonszqrhom
END|939|interval|ayhxjgrvkq
BEGIN|940|interval;data|acofxdeuoc;INS_ON
BEGIN|941|interval;data|sbadachuce;INS_FAIL
END|942|interval|acofxdeuoc
END|943|interval|sbadachuce
END|944|interval|uadrlvmuga
END|945|interval|fbqbrounfj
BEGIN|946|interval;data|zwzhdccrrb;BOOT
END|947|interval|zwzhdccrrb
BEGIN|948|interval;data|wbtihqexyi;BOOT
END|949|interval|wbtihqexyi
BEGIN|950|interval;data|smjxxzwpwj;DL_IMAGE
END|951|interval|smjxxzwpwj
END|952|interval|awyoihcntx
BEGIN|953|interval;data|omnshteteu;BOOT
END|954|interval|ekxshchyfa
END|955|interval|omnshteteu
BEGIN|956|interval;data|lqhuttoywd;BOOT
END|957|interval|lqhuttoywd
BEGIN|958|interval;data|teqycbpuhc;DL_IMAGE
END|959|interval|teqycbpuhc
BEGIN|960|interval;data|jpzcbbvcqk;BOOT
END|961|interval|jpzcbbvcqk
BEGIN|962|interval;data|xviqdrctsm;BOOT
END|963|interval|xviqdrctsm
BEGIN|964|interval;data|bnklgiojtw;DL_IMAGE
END|965|interval|bnklgiojtw
BEGIN|966|interval;data|pwlhwpggar;BOOT
END|967|interval|pwlhwpggar
END|968|interval|pibhwmdknr
BEGIN|969|interval;data|mggxhnqqrm;DL_ARMPRM
END|970|interval|mggxhnqqrm
BEGIN|971|interval;data|rkagylwsxe;DL_FAIL
END|972|interval|rkagylwsxe
BEGIN|973|interval;data|lnnhnkxhxn;DL_ARMPRM
END|974|interval|lnnhnkxhxn
BEGIN|975|interval;data|cbqsnnregq;DL_FAIL
END|976|interval|cbqsnnregq
BEGIN|977|interval;data|wpiqggfzce;DL_ARMPRM
END|978|interval|wpiqggfzce
BEGIN|979|interval;data|tneqseygoq;DL_FAIL
END|980|interval|tneqseygoq
BEGIN|981|interval;data|zgtizlyjmj;INS_FAIL
END|982|interval|zgtizlyjmj
BEGIN|983|interval;data|vuaccwhlna;DL_IMAGE
BEGIN|984|interval;data|waqlriuifg;INS_RECOVER
END|985|interval|waqlriuifg
BEGIN|986|interval;data|huhmtgctvs;INS_ON
END|987|interval|huhmtgctvs
BEGIN|988|interval;data|sqyaoqwlyd;INS_ON
END|989|interval|vuaccwhlna
END|990|interval|sqyaoqwlyd
BEGIN|991|interval;data|wvnusgtyyo;GET_CAMDATA
BEGIN|992|interval;data|ehsxfogrvj;INS_FAIL
BEGIN|993|interval;data|dwsafmwsll;STARVE
END|994|interval|ehsxfogrvj
END|995|interval|wvnusgtyyo
END|996|interval|dwsafmwsll
BEGIN|997|interval;data|yltokvbfrf;INS_RECOVER
END|998|interval|yltokvbfrf
BEGIN|999|interval;data|dxcpcvshww;INS_ON
END|1000|interval|dxcpcvshww
